[[1;34mINFO[m] Scanning for projects...
[[1;34mINFO[m] 
[[1;34mINFO[m] [1m---------------------< [0;36mcom.stanford:schoolbackend[0;1m >---------------------[m
[[1;34mINFO[m] [1mBuilding schoolbackend 0.0.1-SNAPSHOT[m
[[1;34mINFO[m] [1m--------------------------------[ jar ]---------------------------------[m
[[1;34mINFO[m] 
[[1;34mINFO[m] [1m>>> [0;32mspring-boot-maven-plugin:4.1.0:run[m [1m(default-cli)[0;1m > [0;1mtest-compile[m @ [36mschoolbackend[0;1m >>>[m
[[1;34mINFO[m] 
[[1;34mINFO[m] [1m--- [0;32mmaven-resources-plugin:3.5.0:resources[m [1m(default-resources)[m @ [36mschoolbackend[0;1m ---[m
[[1;34mINFO[m] Copying 1 resource from src/main/resources to target/classes
[[1;34mINFO[m] Copying 3 resources from src/main/resources to target/classes
[[1;34mINFO[m] 
[[1;34mINFO[m] [1m--- [0;32mmaven-compiler-plugin:3.15.0:compile[m [1m(default-compile)[m @ [36mschoolbackend[0;1m ---[m
[[1;34mINFO[m] Nothing to compile - all classes are up to date.
[[1;34mINFO[m] 
[[1;34mINFO[m] [1m--- [0;32mmaven-resources-plugin:3.5.0:testResources[m [1m(default-testResources)[m @ [36mschoolbackend[0;1m ---[m
[[1;34mINFO[m] skip non existing resourceDirectory /home/maroots/Downloads/JAVA/stanford/schoolbackend/src/test/resources
[[1;34mINFO[m] 
[[1;34mINFO[m] [1m--- [0;32mmaven-compiler-plugin:3.15.0:testCompile[m [1m(default-testCompile)[m @ [36mschoolbackend[0;1m ---[m
[[1;34mINFO[m] Nothing to compile - all classes are up to date.
[[1;34mINFO[m] 
[[1;34mINFO[m] [1m<<< [0;32mspring-boot-maven-plugin:4.1.0:run[m [1m(default-cli)[0;1m < [0;1mtest-compile[m @ [36mschoolbackend[0;1m <<<[m
[[1;34mINFO[m] 
[[1;34mINFO[m] 
[[1;34mINFO[m] [1m--- [0;32mspring-boot-maven-plugin:4.1.0:run[m [1m(default-cli)[m @ [36mschoolbackend[0;1m ---[m
[[1;34mINFO[m] Attaching agents: []

  .   ____          _            __ _ _
 /\\ / ___'_ __ _ _(_)_ __  __ _ \ \ \ \
( ( )\___ | '_ | '_| | '_ \/ _` | \ \ \ \
 \\/  ___)| |_)| | | | | || (_| |  ) ) ) )
  '  |____| .__|_| |_|_| |_\__, | / / / /
 =========|_|==============|___/=/_/_/_/

 :: Spring Boot ::                (v4.1.0)

2026-07-22T19:15:30.909+03:00  INFO 5320 --- [schoolbackend] [  restartedMain] c.s.s.SchoolbackendApplication           : Starting SchoolbackendApplication using Java 21.0.11 with PID 5320 (/home/maroots/Downloads/JAVA/stanford/schoolbackend/target/classes started by maroots in /home/maroots/Downloads/JAVA/stanford/schoolbackend)
2026-07-22T19:15:30.911+03:00  INFO 5320 --- [schoolbackend] [  restartedMain] c.s.s.SchoolbackendApplication           : No active profile set, falling back to 1 default profile: "default"
2026-07-22T19:15:30.912+03:00 DEBUG 5320 --- [schoolbackend] [  restartedMain] o.s.boot.SpringApplication               : Loading source class com.stanford.schoolbackend.SchoolbackendApplication
2026-07-22T19:15:30.962+03:00 DEBUG 5320 --- [schoolbackend] [  restartedMain] o.s.b.devtools.restart.ChangeableUrls    : Matching URLs for reloading : [file:/home/maroots/Downloads/JAVA/stanford/schoolbackend/target/classes/]
2026-07-22T19:15:30.962+03:00 DEBUG 5320 --- [schoolbackend] [  restartedMain] o.s.b.d.settings.DevToolsSettings        : Included patterns for restart : []
2026-07-22T19:15:30.962+03:00 DEBUG 5320 --- [schoolbackend] [  restartedMain] o.s.b.d.settings.DevToolsSettings        : Excluded patterns for restart : [/spring-boot-starter-[\w-]+/, /spring-boot/(bin|build|out)/, /spring-boot-starter/(bin|build|out)/, /spring-boot-devtools/(bin|build|out)/, /spring-boot-actuator/(bin|build|out)/, /spring-boot-autoconfigure/(bin|build|out)/]
2026-07-22T19:15:30.963+03:00  INFO 5320 --- [schoolbackend] [  restartedMain] .e.DevToolsPropertyDefaultsPostProcessor : Devtools property defaults active! Set 'spring.devtools.add-properties' to 'false' to disable
2026-07-22T19:15:30.963+03:00  INFO 5320 --- [schoolbackend] [  restartedMain] .e.DevToolsPropertyDefaultsPostProcessor : For additional web related logging consider setting the 'logging.level.web' property to 'DEBUG'
2026-07-22T19:15:30.963+03:00 DEBUG 5320 --- [schoolbackend] [  restartedMain] ConfigServletWebServerApplicationContext : Refreshing org.springframework.boot.web.server.servlet.context.AnnotationConfigServletWebServerApplicationContext@1d37c983
2026-07-22T19:15:31.719+03:00  INFO 5320 --- [schoolbackend] [  restartedMain] .s.d.r.c.RepositoryConfigurationDelegate : Bootstrapping Spring Data JPA repositories in DEFAULT mode.
2026-07-22T19:15:31.738+03:00 DEBUG 5320 --- [schoolbackend] [  restartedMain] o.s.b.a.AutoConfigurationPackages        : @EnableAutoConfiguration was declared on a class in the package 'com.stanford.schoolbackend'. Automatic @Repository and @Entity scanning is enabled.
2026-07-22T19:15:31.811+03:00  INFO 5320 --- [schoolbackend] [  restartedMain] .s.d.r.c.RepositoryConfigurationDelegate : Finished Spring Data repository scanning in 81 ms. Found 26 JPA repository interfaces.
2026-07-22T19:15:32.424+03:00 DEBUG 5320 --- [schoolbackend] [  restartedMain] o.s.b.t.s.TomcatServletWebServerFactory  : Code archive: /home/maroots/.m2/repository/org/springframework/boot/spring-boot-web-server/4.1.0/spring-boot-web-server-4.1.0.jar
2026-07-22T19:15:32.424+03:00 DEBUG 5320 --- [schoolbackend] [  restartedMain] o.s.b.t.s.TomcatServletWebServerFactory  : Code archive: /home/maroots/.m2/repository/org/springframework/boot/spring-boot-web-server/4.1.0/spring-boot-web-server-4.1.0.jar
2026-07-22T19:15:32.424+03:00 DEBUG 5320 --- [schoolbackend] [  restartedMain] o.s.b.t.s.TomcatServletWebServerFactory  : None of the document roots [src/main/webapp, public, static] point to a directory and will be ignored.
2026-07-22T19:15:32.480+03:00  INFO 5320 --- [schoolbackend] [  restartedMain] o.s.boot.tomcat.TomcatWebServer          : Tomcat initialized with port 8080 (http)
2026-07-22T19:15:32.497+03:00  INFO 5320 --- [schoolbackend] [  restartedMain] o.apache.catalina.core.StandardService   : Starting service [Tomcat]
2026-07-22T19:15:32.498+03:00  INFO 5320 --- [schoolbackend] [  restartedMain] o.apache.catalina.core.StandardEngine    : Starting Servlet engine: [Apache Tomcat/11.0.22]
2026-07-22T19:15:32.530+03:00 DEBUG 5320 --- [schoolbackend] [  restartedMain] b.w.c.s.WebApplicationContextInitializer : Published root WebApplicationContext as ServletContext attribute with name [org.springframework.web.context.WebApplicationContext.ROOT]
2026-07-22T19:15:32.531+03:00  INFO 5320 --- [schoolbackend] [  restartedMain] b.w.c.s.WebApplicationContextInitializer : Root WebApplicationContext: initialization completed in 1567 ms
2026-07-22T19:15:32.753+03:00  INFO 5320 --- [schoolbackend] [  restartedMain] org.hibernate.orm.jpa                    : HHH008540: Processing PersistenceUnitInfo [name: default]
2026-07-22T19:15:32.859+03:00  INFO 5320 --- [schoolbackend] [  restartedMain] org.hibernate.orm.core                   : HHH000001: Hibernate ORM core version 7.4.1.Final
2026-07-22T19:15:33.451+03:00  INFO 5320 --- [schoolbackend] [  restartedMain] o.s.o.j.p.SpringPersistenceUnitInfo      : No LoadTimeWeaver setup: ignoring JPA class transformer
2026-07-22T19:15:33.494+03:00  INFO 5320 --- [schoolbackend] [  restartedMain] com.zaxxer.hikari.HikariDataSource       : HikariPool-1 - Starting...
2026-07-22T19:15:33.948+03:00  INFO 5320 --- [schoolbackend] [  restartedMain] com.zaxxer.hikari.pool.HikariPool        : HikariPool-1 - Added connection org.postgresql.jdbc.PgConnection@56193e83
2026-07-22T19:15:33.949+03:00  INFO 5320 --- [schoolbackend] [  restartedMain] com.zaxxer.hikari.HikariDataSource       : HikariPool-1 - Start completed.
2026-07-22T19:15:34.049+03:00  INFO 5320 --- [schoolbackend] [  restartedMain] org.hibernate.orm.connections.pooling    : HHH10001005: Database info:
	Database JDBC URL [jdbc:postgresql://localhost:5432/school_db]
	Database driver: PostgreSQL JDBC Driver
	Database dialect: PostgreSQLDialect
	Database version: 16.14
	Default catalog/schema: school_db/public
	Autocommit mode: undefined/unknown
	Isolation level: READ_COMMITTED [default READ_COMMITTED]
	JDBC fetch size: none
	Pool: DataSourceConnectionProvider
	Minimum pool size: undefined/unknown
	Maximum pool size: undefined/unknown
2026-07-22T19:15:35.565+03:00  INFO 5320 --- [schoolbackend] [  restartedMain] org.hibernate.orm.core                   : HHH000489: No JTA platform available (set 'hibernate.transaction.jta.platform' to enable JTA platform integration)
2026-07-22T19:15:35.620+03:00  INFO 5320 --- [schoolbackend] [  restartedMain] j.LocalContainerEntityManagerFactoryBean : Initialized JPA EntityManagerFactory for persistence unit 'default'
2026-07-22T19:15:35.702+03:00  INFO 5320 --- [schoolbackend] [  restartedMain] o.s.d.j.r.query.QueryEnhancerFactories   : Hibernate is in classpath; If applicable, HQL parser will be used.
2026-07-22T19:15:35.904+03:00 DEBUG 5320 --- [schoolbackend] [  restartedMain] o.s.b.w.s.ServletContextInitializerBeans : Mapping filters: springSecurityFilterChain urls=[/*] order=-100, characterEncodingFilter urls=[/*] order=-2147483648, formContentFilter urls=[/*] order=-9900, requestContextFilter urls=[/*] order=-105, jwtAuthenticationFilter urls=[/*] order=2147483647
2026-07-22T19:15:35.904+03:00 DEBUG 5320 --- [schoolbackend] [  restartedMain] o.s.b.w.s.ServletContextInitializerBeans : Mapping servlets: dispatcherServlet urls=[/]
2026-07-22T19:15:35.937+03:00 DEBUG 5320 --- [schoolbackend] [  restartedMain] o.s.b.s.f.OrderedRequestContextFilter    : Filter 'requestContextFilter' configured for use
2026-07-22T19:15:35.938+03:00 DEBUG 5320 --- [schoolbackend] [  restartedMain] o.s.b.s.f.OrderedCharacterEncodingFilter : Filter 'characterEncodingFilter' configured for use
2026-07-22T19:15:35.938+03:00 DEBUG 5320 --- [schoolbackend] [  restartedMain] .DelegatingFilterProxyRegistrationBean$1 : Filter 'springSecurityFilterChain' configured for use
2026-07-22T19:15:35.938+03:00 DEBUG 5320 --- [schoolbackend] [  restartedMain] o.s.b.s.filter.OrderedFormContentFilter  : Filter 'formContentFilter' configured for use
2026-07-22T19:15:36.120+03:00  INFO 5320 --- [schoolbackend] [  restartedMain] r$InitializeUserDetailsManagerConfigurer : Global AuthenticationManager configured with UserDetailsService bean with name customUserDetailsService
2026-07-22T19:15:36.728+03:00  WARN 5320 --- [schoolbackend] [  restartedMain] JpaBaseConfiguration$JpaWebConfiguration : spring.jpa.open-in-view is enabled by default. Therefore, database queries may be performed during view rendering. Explicitly configure spring.jpa.open-in-view to disable this warning
2026-07-22T19:15:37.162+03:00 DEBUG 5320 --- [schoolbackend] [  restartedMain] s.w.s.m.m.a.RequestMappingHandlerMapping : 107 mappings in 'requestMappingHandlerMapping'
2026-07-22T19:15:37.200+03:00 DEBUG 5320 --- [schoolbackend] [  restartedMain] o.s.w.s.handler.SimpleUrlHandlerMapping  : Patterns [/webjars/**, /**, /uploads/**] in 'resourceHandlerMapping'
2026-07-22T19:15:37.229+03:00 DEBUG 5320 --- [schoolbackend] [  restartedMain] s.w.s.m.m.a.RequestMappingHandlerAdapter : ControllerAdvice beans: 0 @ModelAttribute, 0 @InitBinder, 2 RequestBodyAdvice, 1 ResponseBodyAdvice
2026-07-22T19:15:37.276+03:00 DEBUG 5320 --- [schoolbackend] [  restartedMain] .m.m.a.ExceptionHandlerExceptionResolver : ControllerAdvice beans: 1 @ExceptionHandler, 1 ResponseBodyAdvice
2026-07-22T19:15:37.405+03:00  INFO 5320 --- [schoolbackend] [  restartedMain] o.s.boot.tomcat.TomcatWebServer          : Tomcat started on port 8080 (http) with context path '/'
2026-07-22T19:15:37.411+03:00 DEBUG 5320 --- [schoolbackend] [  restartedMain] .s.b.a.l.ConditionEvaluationReportLogger : 


============================
CONDITIONS EVALUATION REPORT
============================


Positive matches:
-----------------

   AopAutoConfiguration matched:
      - @ConditionalOnBooleanProperty (spring.aop.auto=true) matched (OnPropertyCondition)

   AopAutoConfiguration.AspectJAutoProxyingConfiguration matched:
      - @ConditionalOnClass found required class 'org.aspectj.weaver.Advice' (OnClassCondition)

   AopAutoConfiguration.AspectJAutoProxyingConfiguration.CglibAutoProxyConfiguration matched:
      - @ConditionalOnBooleanProperty (spring.aop.proxy-target-class=true) matched (OnPropertyCondition)

   ApplicationAvailabilityAutoConfiguration#applicationAvailability matched:
      - @ConditionalOnMissingBean (types: org.springframework.boot.availability.ApplicationAvailability; SearchStrategy: all) did not find any beans (OnBeanCondition)

   DataJpaRepositoriesAutoConfiguration matched:
      - @ConditionalOnClass found required class 'org.springframework.data.jpa.repository.JpaRepository' (OnClassCondition)
      - @ConditionalOnBooleanProperty (spring.data.jpa.repositories.enabled=true) matched (OnPropertyCondition)
      - @ConditionalOnBean (types: javax.sql.DataSource; SearchStrategy: all) found bean 'dataSource'; @ConditionalOnMissingBean (types: org.springframework.data.jpa.repository.support.JpaRepositoryFactoryBean,org.springframework.data.jpa.repository.config.JpaRepositoryConfigExtension; SearchStrategy: all) did not find any beans (OnBeanCondition)

   DataSourceAutoConfiguration matched:
      - @ConditionalOnClass found required classes 'javax.sql.DataSource', 'org.springframework.jdbc.datasource.embedded.EmbeddedDatabaseType' (OnClassCondition)
      - @ConditionalOnMissingBean (types: io.r2dbc.spi.ConnectionFactory; SearchStrategy: all) did not find any beans (OnBeanCondition)

   DataSourceAutoConfiguration.PooledDataSourceConfiguration matched:
      - AnyNestedCondition 1 matched 1 did not; NestedCondition on DataSourceAutoConfiguration.PooledDataSourceCondition.PooledDataSourceAvailable PooledDataSource found supported DataSource; NestedCondition on DataSourceAutoConfiguration.PooledDataSourceCondition.ExplicitType @ConditionalOnProperty (spring.datasource.type) did not find property 'spring.datasource.type' (DataSourceAutoConfiguration.PooledDataSourceCondition)
      - @ConditionalOnMissingBean (types: javax.sql.DataSource,javax.sql.XADataSource; SearchStrategy: all) did not find any beans (OnBeanCondition)

   DataSourceAutoConfiguration.PooledDataSourceConfiguration#jdbcConnectionDetails matched:
      - @ConditionalOnMissingBean (types: org.springframework.boot.jdbc.autoconfigure.JdbcConnectionDetails; SearchStrategy: all) did not find any beans (OnBeanCondition)

   DataSourceConfiguration.Hikari matched:
      - @ConditionalOnClass found required class 'com.zaxxer.hikari.HikariDataSource' (OnClassCondition)
      - @ConditionalOnProperty (spring.datasource.type=com.zaxxer.hikari.HikariDataSource) matched (OnPropertyCondition)
      - @ConditionalOnMissingBean (types: javax.sql.DataSource; SearchStrategy: all) did not find any beans (OnBeanCondition)

   DataSourceInitializationAutoConfiguration matched:
      - @ConditionalOnClass found required class 'org.springframework.jdbc.datasource.init.DatabasePopulator' (OnClassCondition)
      - SQL InitializationDatabase Initialization default value is EMBEDDED (OnSqlInitializationCondition)
      - @ConditionalOnSingleCandidate (types: javax.sql.DataSource; SearchStrategy: all) found a single bean 'dataSource'; @ConditionalOnMissingBean (types: org.springframework.boot.sql.autoconfigure.init.ApplicationScriptDatabaseInitializer; SearchStrategy: all) did not find any beans (OnBeanCondition)

   DataSourcePoolMetadataProvidersConfiguration.HikariPoolDataSourceMetadataProviderConfiguration matched:
      - @ConditionalOnClass found required class 'com.zaxxer.hikari.HikariDataSource' (OnClassCondition)

   DataSourceTransactionManagerAutoConfiguration matched:
      - @ConditionalOnClass found required classes 'javax.sql.DataSource', 'org.springframework.jdbc.core.JdbcTemplate', 'org.springframework.transaction.TransactionManager' (OnClassCondition)

   DataSourceTransactionManagerAutoConfiguration.JdbcTransactionManagerConfiguration matched:
      - @ConditionalOnSingleCandidate (types: javax.sql.DataSource; SearchStrategy: all) found a single bean 'dataSource' (OnBeanCondition)

   DataWebAutoConfiguration matched:
      - @ConditionalOnClass found required classes 'org.springframework.data.web.PageableHandlerMethodArgumentResolver', 'org.springframework.web.servlet.config.annotation.WebMvcConfigurer' (OnClassCondition)
      - found 'session' scope (OnWebApplicationCondition)
      - @ConditionalOnMissingBean (types: org.springframework.data.web.PageableHandlerMethodArgumentResolver; SearchStrategy: all) did not find any beans (OnBeanCondition)

   DataWebAutoConfiguration#pageableCustomizer matched:
      - @ConditionalOnMissingBean (types: org.springframework.data.web.config.PageableHandlerMethodArgumentResolverCustomizer; SearchStrategy: all) did not find any beans (OnBeanCondition)

   DataWebAutoConfiguration#sortCustomizer matched:
      - @ConditionalOnMissingBean (types: org.springframework.data.web.config.SortHandlerMethodArgumentResolverCustomizer; SearchStrategy: all) did not find any beans (OnBeanCondition)

   DataWebAutoConfiguration#springDataWebSettings matched:
      - @ConditionalOnMissingBean (types: org.springframework.data.web.config.SpringDataWebSettings; SearchStrategy: all) did not find any beans (OnBeanCondition)

   DefaultTaskSchedulerConfiguration matched:
      - @ConditionalOnMissingBean (names: taskScheduler; SearchStrategy: all) did not find any beans (OnBeanCondition)

   DefaultTaskSchedulerConfiguration#taskScheduler matched:
      - @ConditionalOnBean (types: org.springframework.boot.task.ThreadPoolTaskSchedulerBuilder; SearchStrategy: all) found bean 'threadPoolTaskSchedulerBuilder' (OnBeanCondition)
      - @ConditionalOnThreading found PLATFORM (OnThreadingCondition)

   DevToolsDataSourceAutoConfiguration matched:
      - @ConditionalOnClass found required class 'javax.sql.DataSource' (OnClassCondition)
      - Devtools devtools enabled. (OnEnabledDevToolsCondition)
      - DevTools DataSource Condition found auto-configured DataSource (DevToolsDataSourceAutoConfiguration.DevToolsDataSourceCondition)

   DevToolsDataSourceAutoConfiguration.DatabaseShutdownExecutorEntityManagerFactoryDependsOnConfiguration matched:
      - @ConditionalOnClass found required classes 'org.springframework.boot.jpa.autoconfigure.EntityManagerFactoryDependsOnPostProcessor', 'org.springframework.orm.jpa.LocalContainerEntityManagerFactoryBean' (OnClassCondition)
      - @ConditionalOnBean (types: org.springframework.orm.jpa.AbstractEntityManagerFactoryBean; SearchStrategy: all) found bean '&entityManagerFactory' (OnBeanCondition)

   DispatcherServletAutoConfiguration matched:
      - @ConditionalOnClass found required class 'org.springframework.web.servlet.DispatcherServlet' (OnClassCondition)
      - found 'session' scope (OnWebApplicationCondition)

   DispatcherServletAutoConfiguration.DispatcherServletConfiguration matched:
      - @ConditionalOnClass found required class 'jakarta.servlet.ServletRegistration' (OnClassCondition)
      - Default DispatcherServlet did not find dispatcher servlet beans (DispatcherServletAutoConfiguration.DefaultDispatcherServletCondition)

   DispatcherServletAutoConfiguration.DispatcherServletRegistrationConfiguration matched:
      - @ConditionalOnClass found required class 'jakarta.servlet.ServletRegistration' (OnClassCondition)
      - DispatcherServlet Registration did not find servlet registration bean (DispatcherServletAutoConfiguration.DispatcherServletRegistrationCondition)

   DispatcherServletAutoConfiguration.DispatcherServletRegistrationConfiguration#dispatcherServletRegistration matched:
      - @ConditionalOnBean (names: dispatcherServlet types: org.springframework.web.servlet.DispatcherServlet; SearchStrategy: all) found bean 'dispatcherServlet' (OnBeanCondition)

   ErrorMvcAutoConfiguration matched:
      - @ConditionalOnClass found required classes 'jakarta.servlet.Servlet', 'org.springframework.web.servlet.DispatcherServlet' (OnClassCondition)
      - found 'session' scope (OnWebApplicationCondition)

   ErrorMvcAutoConfiguration#basicErrorController matched:
      - @ConditionalOnMissingBean (types: org.springframework.boot.webmvc.error.ErrorController; SearchStrategy: current) did not find any beans (OnBeanCondition)

   ErrorMvcAutoConfiguration#errorAttributes matched:
      - @ConditionalOnMissingBean (types: org.springframework.boot.webmvc.error.ErrorAttributes; SearchStrategy: current) did not find any beans (OnBeanCondition)

   ErrorMvcAutoConfiguration.DefaultErrorViewResolverConfiguration#conventionErrorViewResolver matched:
      - @ConditionalOnBean (types: org.springframework.web.servlet.DispatcherServlet; SearchStrategy: all) found bean 'dispatcherServlet'; @ConditionalOnMissingBean (types: org.springframework.boot.webmvc.autoconfigure.error.ErrorViewResolver; SearchStrategy: all) did not find any beans (OnBeanCondition)

   ErrorMvcAutoConfiguration.WhitelabelErrorViewConfiguration matched:
      - @ConditionalOnBooleanProperty (spring.web.error.whitelabel.enabled=true) matched (OnPropertyCondition)
      - ErrorTemplate Missing did not find error template view (ErrorMvcAutoConfiguration.ErrorTemplateMissingCondition)

   ErrorMvcAutoConfiguration.WhitelabelErrorViewConfiguration#beanNameViewResolver matched:
      - @ConditionalOnMissingBean (types: org.springframework.web.servlet.view.BeanNameViewResolver; SearchStrategy: all) did not find any beans (OnBeanCondition)

   ErrorMvcAutoConfiguration.WhitelabelErrorViewConfiguration#defaultErrorView matched:
      - @ConditionalOnMissingBean (names: error; SearchStrategy: all) did not find any beans (OnBeanCondition)

   HibernateJpaAutoConfiguration matched:
      - @ConditionalOnClass found required classes 'org.springframework.orm.jpa.LocalContainerEntityManagerFactoryBean', 'jakarta.persistence.EntityManager', 'org.hibernate.engine.spi.SessionImplementor' (OnClassCondition)

   HibernateJpaConfiguration matched:
      - @ConditionalOnSingleCandidate (types: javax.sql.DataSource; SearchStrategy: all) found a single bean 'dataSource' (OnBeanCondition)

   HttpEncodingAutoConfiguration matched:
      - @ConditionalOnClass found required class 'org.springframework.web.filter.CharacterEncodingFilter' (OnClassCondition)
      - found 'session' scope (OnWebApplicationCondition)
      - @ConditionalOnBooleanProperty (spring.servlet.encoding.enabled=true) matched (OnPropertyCondition)

   HttpEncodingAutoConfiguration#characterEncodingFilter matched:
      - @ConditionalOnMissingBean (types: org.springframework.web.filter.CharacterEncodingFilter; SearchStrategy: all) did not find any beans (OnBeanCondition)

   HttpMessageConvertersAutoConfiguration matched:
      - @ConditionalOnClass found required class 'org.springframework.http.converter.HttpMessageConverter' (OnClassCondition)
      - NoneNestedConditions 0 matched 1 did not; NestedCondition on HttpMessageConvertersAutoConfiguration.NotReactiveWebApplicationCondition.ReactiveWebApplication did not find reactive web application classes (HttpMessageConvertersAutoConfiguration.NotReactiveWebApplicationCondition)

   HttpMessageConvertersAutoConfiguration.StringHttpMessageConverterConfiguration#stringHttpMessageConvertersCustomizer matched:
      - @ConditionalOnMissingBean (types: org.springframework.http.converter.StringHttpMessageConverter; SearchStrategy: all) did not find any beans (OnBeanCondition)

   JacksonAutoConfiguration matched:
      - @ConditionalOnClass found required class 'tools.jackson.databind.json.JsonMapper' (OnClassCondition)

   JacksonAutoConfiguration#jacksonJsonMapper matched:
      - @ConditionalOnMissingBean (types: tools.jackson.databind.json.JsonMapper; SearchStrategy: all) did not find any beans (OnBeanCondition)

   JacksonAutoConfiguration#jsonFactory matched:
      - @ConditionalOnMissingBean (types: tools.jackson.core.json.JsonFactory; SearchStrategy: all) did not find any beans (OnBeanCondition)

   JacksonAutoConfiguration#jsonMapperBuilder matched:
      - @ConditionalOnMissingBean (types: tools.jackson.databind.json.JsonMapper$Builder; SearchStrategy: all) did not find any beans (OnBeanCondition)

   JacksonAutoConfiguration.JsonProblemDetailsConfiguration matched:
      - @ConditionalOnClass found required class 'org.springframework.http.ProblemDetail' (OnClassCondition)

   JacksonHttpMessageConvertersConfiguration.JacksonJsonHttpMessageConverterConfiguration matched:
      - @ConditionalOnClass found required class 'tools.jackson.databind.json.JsonMapper' (OnClassCondition)
      - @ConditionalOnProperty (spring.http.converters.preferred-json-mapper=jackson) matched (OnPropertyCondition)
      - @ConditionalOnBean (types: tools.jackson.databind.json.JsonMapper; SearchStrategy: all) found bean 'jacksonJsonMapper' (OnBeanCondition)

   JacksonHttpMessageConvertersConfiguration.JacksonJsonHttpMessageConverterConfiguration#jacksonJsonHttpMessageConvertersCustomizer matched:
      - @ConditionalOnMissingBean (types: org.springframework.http.converter.json.JacksonJsonHttpMessageConverter ignored: org.springframework.hateoas.server.mvc.TypeConstrainedJacksonJsonHttpMessageConverter,org.springframework.data.rest.webmvc.alps.AlpsJacksonJsonHttpMessageConverter; SearchStrategy: all) did not find any beans (OnBeanCondition)

   JdbcClientAutoConfiguration matched:
      - @ConditionalOnSingleCandidate (types: org.springframework.jdbc.core.namedparam.NamedParameterJdbcTemplate; SearchStrategy: all) found a single bean 'namedParameterJdbcTemplate'; @ConditionalOnMissingBean (types: org.springframework.jdbc.core.simple.JdbcClient; SearchStrategy: all) did not find any beans (OnBeanCondition)

   JdbcTemplateAutoConfiguration matched:
      - @ConditionalOnClass found required classes 'javax.sql.DataSource', 'org.springframework.jdbc.core.JdbcTemplate' (OnClassCondition)
      - @ConditionalOnSingleCandidate (types: javax.sql.DataSource; SearchStrategy: all) found a single bean 'dataSource' (OnBeanCondition)

   JdbcTemplateConfiguration matched:
      - @ConditionalOnMissingBean (types: org.springframework.jdbc.core.JdbcOperations; SearchStrategy: all) did not find any beans (OnBeanCondition)

   JpaBaseConfiguration#entityManagerFactory matched:
      - @ConditionalOnMissingBean (types: org.springframework.orm.jpa.LocalContainerEntityManagerFactoryBean,jakarta.persistence.EntityManagerFactory; SearchStrategy: all) did not find any beans (OnBeanCondition)

   JpaBaseConfiguration#entityManagerFactoryBuilder matched:
      - @ConditionalOnMissingBean (types: org.springframework.boot.jpa.EntityManagerFactoryBuilder; SearchStrategy: all) did not find any beans (OnBeanCondition)

   JpaBaseConfiguration#jpaVendorAdapter matched:
      - @ConditionalOnMissingBean (types: org.springframework.orm.jpa.JpaVendorAdapter; SearchStrategy: all) did not find any beans (OnBeanCondition)

   JpaBaseConfiguration#transactionManager matched:
      - @ConditionalOnMissingBean (types: org.springframework.transaction.TransactionManager; SearchStrategy: all) did not find any beans (OnBeanCondition)

   JpaBaseConfiguration.JpaWebConfiguration matched:
      - @ConditionalOnClass found required class 'org.springframework.web.servlet.config.annotation.WebMvcConfigurer' (OnClassCondition)
      - found 'session' scope (OnWebApplicationCondition)
      - @ConditionalOnBooleanProperty (spring.jpa.open-in-view=true) matched (OnPropertyCondition)
      - @ConditionalOnMissingBean (types: org.springframework.orm.jpa.support.OpenEntityManagerInViewInterceptor,org.springframework.orm.jpa.support.OpenEntityManagerInViewFilter; SearchStrategy: all) did not find any beans (OnBeanCondition)

   JpaBaseConfiguration.PersistenceManagedTypesConfiguration matched:
      - @ConditionalOnMissingBean (types: org.springframework.orm.jpa.LocalContainerEntityManagerFactoryBean,jakarta.persistence.EntityManagerFactory; SearchStrategy: all) did not find any beans (OnBeanCondition)

   JpaBaseConfiguration.PersistenceManagedTypesConfiguration#persistenceManagedTypes matched:
      - @ConditionalOnMissingBean (types: org.springframework.orm.jpa.persistenceunit.PersistenceManagedTypes; SearchStrategy: all) did not find any beans (OnBeanCondition)

   JtaAutoConfiguration matched:
      - @ConditionalOnClass found required class 'jakarta.transaction.Transaction' (OnClassCondition)
      - @ConditionalOnBooleanProperty (spring.jta.enabled=true) matched (OnPropertyCondition)

   LifecycleAutoConfiguration#defaultLifecycleProcessor matched:
      - @ConditionalOnMissingBean (names: lifecycleProcessor; SearchStrategy: current) did not find any beans (OnBeanCondition)

   LocalDevToolsAutoConfiguration matched:
      - Initialized Restarter Condition available and initialized (OnInitializedRestarterCondition)

   LocalDevToolsAutoConfiguration.RestartConfiguration matched:
      - @ConditionalOnBooleanProperty (spring.devtools.restart.enabled=true) matched (OnPropertyCondition)

   LocalDevToolsAutoConfiguration.RestartConfiguration#classPathFileSystemWatcher matched:
      - @ConditionalOnMissingBean (types: org.springframework.boot.devtools.classpath.ClassPathFileSystemWatcher; SearchStrategy: all) did not find any beans (OnBeanCondition)

   LocalDevToolsAutoConfiguration.RestartConfiguration#classPathRestartStrategy matched:
      - @ConditionalOnMissingBean (types: org.springframework.boot.devtools.classpath.ClassPathRestartStrategy; SearchStrategy: all) did not find any beans (OnBeanCondition)

   LocalDevToolsAutoConfiguration.RestartConfiguration#conditionEvaluationDeltaLoggingListener matched:
      - @ConditionalOnBooleanProperty (spring.devtools.restart.log-condition-evaluation-delta=true) matched (OnPropertyCondition)

   MultipartAutoConfiguration matched:
      - @ConditionalOnClass found required classes 'jakarta.servlet.Servlet', 'org.springframework.web.multipart.support.StandardServletMultipartResolver', 'jakarta.servlet.MultipartConfigElement' (OnClassCondition)
      - found 'session' scope (OnWebApplicationCondition)
      - @ConditionalOnBooleanProperty (spring.servlet.multipart.enabled=true) matched (OnPropertyCondition)

   MultipartAutoConfiguration#multipartConfigElement matched:
      - @ConditionalOnMissingBean (types: jakarta.servlet.MultipartConfigElement; SearchStrategy: all) did not find any beans (OnBeanCondition)

   MultipartAutoConfiguration#multipartResolver matched:
      - @ConditionalOnMissingBean (types: org.springframework.web.multipart.MultipartResolver; SearchStrategy: all) did not find any beans (OnBeanCondition)

   NamedParameterJdbcTemplateConfiguration matched:
      - @ConditionalOnSingleCandidate (types: org.springframework.jdbc.core.JdbcTemplate; SearchStrategy: all) found a single bean 'jdbcTemplate'; @ConditionalOnMissingBean (types: org.springframework.jdbc.core.namedparam.NamedParameterJdbcOperations; SearchStrategy: all) did not find any beans (OnBeanCondition)

   PersistenceExceptionTranslationAutoConfiguration matched:
      - @ConditionalOnClass found required class 'org.springframework.dao.annotation.PersistenceExceptionTranslationPostProcessor' (OnClassCondition)

   PersistenceExceptionTranslationAutoConfiguration#persistenceExceptionTranslationPostProcessor matched:
      - @ConditionalOnBooleanProperty (spring.persistence.exceptiontranslation.enabled=true) matched (OnPropertyCondition)
      - @ConditionalOnMissingBean (types: org.springframework.dao.annotation.PersistenceExceptionTranslationPostProcessor; SearchStrategy: all) did not find any beans (OnBeanCondition)

   PropertyPlaceholderAutoConfiguration#propertySourcesPlaceholderConfigurer matched:
      - @ConditionalOnMissingBean (types: org.springframework.context.support.PropertySourcesPlaceholderConfigurer; SearchStrategy: current) did not find any beans (OnBeanCondition)

   SecurityAutoConfiguration matched:
      - @ConditionalOnClass found required class 'org.springframework.security.authentication.DefaultAuthenticationEventPublisher' (OnClassCondition)

   SecurityAutoConfiguration#authenticationEventPublisher matched:
      - @ConditionalOnMissingBean (types: org.springframework.security.authentication.AuthenticationEventPublisher; SearchStrategy: all) did not find any beans (OnBeanCondition)

   SecurityFilterAutoConfiguration matched:
      - @ConditionalOnClass found required classes 'org.springframework.security.web.context.AbstractSecurityWebApplicationInitializer', 'org.springframework.security.config.http.SessionCreationPolicy' (OnClassCondition)
      - found 'session' scope (OnWebApplicationCondition)

   SecurityFilterAutoConfiguration#securityFilterChainRegistration matched:
      - @ConditionalOnBean (names: springSecurityFilterChain; SearchStrategy: all) found bean 'springSecurityFilterChain' (OnBeanCondition)

   ServletWebSecurityAutoConfiguration matched:
      - @ConditionalOnClass found required class 'org.springframework.security.config.annotation.web.configuration.EnableWebSecurity' (OnClassCondition)
      - found 'session' scope (OnWebApplicationCondition)

   ServletWebSecurityAutoConfiguration.PathPatternRequestMatcherBuilderConfiguration matched:
      - @ConditionalOnClass found required class 'org.springframework.boot.webmvc.autoconfigure.DispatcherServletPath' (OnClassCondition)
      - @ConditionalOnBean (types: org.springframework.boot.webmvc.autoconfigure.DispatcherServletPath; SearchStrategy: all) found bean 'dispatcherServletRegistration' (OnBeanCondition)

   ServletWebSecurityAutoConfiguration.PathPatternRequestMatcherBuilderConfiguration#pathPatternRequestMatcherBuilder matched:
      - @ConditionalOnMissingBean (types: org.springframework.security.web.servlet.util.matcher.PathPatternRequestMatcher$Builder; SearchStrategy: all) did not find any beans (OnBeanCondition)

   SslAutoConfiguration#sslBundleRegistry matched:
      - @ConditionalOnMissingBean (types: org.springframework.boot.ssl.SslBundleRegistry,org.springframework.boot.ssl.SslBundles; SearchStrategy: all) did not find any beans (OnBeanCondition)

   TaskExecutionAutoConfiguration matched:
      - @ConditionalOnClass found required class 'org.springframework.scheduling.concurrent.ThreadPoolTaskExecutor' (OnClassCondition)

   TaskExecutorConfigurations.AsyncConfigurerConfiguration matched:
      - @ConditionalOnMissingBean (types: org.springframework.scheduling.annotation.AsyncConfigurer; SearchStrategy: all) did not find any beans (OnBeanCondition)

   TaskExecutorConfigurations.SimpleAsyncTaskExecutorBuilderConfiguration#simpleAsyncTaskExecutorBuilder matched:
      - @ConditionalOnMissingBean (types: org.springframework.boot.task.SimpleAsyncTaskExecutorBuilder; SearchStrategy: all) did not find any beans (OnBeanCondition)
      - @ConditionalOnThreading found PLATFORM (OnThreadingCondition)

   TaskExecutorConfigurations.TaskExecutorConfiguration matched:
      - AnyNestedCondition 1 matched 1 did not; NestedCondition on TaskExecutorConfigurations.OnExecutorCondition.ModelCondition @ConditionalOnProperty (spring.task.execution.mode=force) did not find property 'spring.task.execution.mode'; NestedCondition on TaskExecutorConfigurations.OnExecutorCondition.ExecutorBeanCondition @ConditionalOnMissingBean (types: java.util.concurrent.Executor; SearchStrategy: all) did not find any beans (TaskExecutorConfigurations.OnExecutorCondition)

   TaskExecutorConfigurations.TaskExecutorConfiguration#applicationTaskExecutor matched:
      - @ConditionalOnThreading found PLATFORM (OnThreadingCondition)

   TaskExecutorConfigurations.ThreadPoolTaskExecutorBuilderConfiguration#threadPoolTaskExecutorBuilder matched:
      - @ConditionalOnMissingBean (types: org.springframework.boot.task.ThreadPoolTaskExecutorBuilder; SearchStrategy: all) did not find any beans (OnBeanCondition)

   TaskSchedulingAutoConfiguration matched:
      - @ConditionalOnClass found required class 'org.springframework.scheduling.concurrent.ThreadPoolTaskScheduler' (OnClassCondition)

   TaskSchedulingAutoConfiguration#scheduledBeanLazyInitializationExcludeFilter matched:
      - @ConditionalOnBean (names: org.springframework.scheduling.config.internalScheduledAnnotationProcessor; SearchStrategy: all) found bean 'org.springframework.scheduling.config.internalScheduledAnnotationProcessor' (OnBeanCondition)

   TaskSchedulingConfigurations.SimpleAsyncTaskSchedulerBuilderConfiguration#simpleAsyncTaskSchedulerBuilder matched:
      - @ConditionalOnMissingBean (types: org.springframework.boot.task.SimpleAsyncTaskSchedulerBuilder; SearchStrategy: all) did not find any beans (OnBeanCondition)
      - @ConditionalOnThreading found PLATFORM (OnThreadingCondition)

   TaskSchedulingConfigurations.TaskSchedulerConfiguration matched:
      - @ConditionalOnBean (names: org.springframework.scheduling.config.internalScheduledAnnotationProcessor; SearchStrategy: all) found bean 'org.springframework.scheduling.config.internalScheduledAnnotationProcessor'; @ConditionalOnMissingBean (types: org.springframework.scheduling.TaskScheduler,java.util.concurrent.ScheduledExecutorService; SearchStrategy: all) did not find any beans (OnBeanCondition)

   TaskSchedulingConfigurations.ThreadPoolTaskSchedulerBuilderConfiguration#threadPoolTaskSchedulerBuilder matched:
      - @ConditionalOnMissingBean (types: org.springframework.boot.task.ThreadPoolTaskSchedulerBuilder; SearchStrategy: all) did not find any beans (OnBeanCondition)

   TomcatServletWebServerAutoConfiguration matched:
      - @ConditionalOnClass found required classes 'jakarta.servlet.ServletRequest', 'org.apache.catalina.startup.Tomcat', 'org.apache.coyote.UpgradeProtocol', 'org.springframework.boot.tomcat.servlet.TomcatServletWebServerFactory' (OnClassCondition)
      - found 'session' scope (OnWebApplicationCondition)

   TomcatServletWebServerAutoConfiguration#tomcatServletWebServerFactory matched:
      - @ConditionalOnMissingBean (types: org.springframework.boot.web.server.servlet.ServletWebServerFactory; SearchStrategy: current) did not find any beans (OnBeanCondition)

   TomcatWebServerConfiguration matched:
      - @ConditionalOnWarDeployment the application is not deployed as a WAR file. (OnWarDeploymentCondition)

   TomcatWebServerConfiguration.TomcatWebSocketConfiguration matched:
      - @ConditionalOnClass found required class 'org.apache.tomcat.websocket.server.WsSci' (OnClassCondition)

   TransactionAutoConfiguration matched:
      - @ConditionalOnClass found required class 'org.springframework.transaction.PlatformTransactionManager' (OnClassCondition)

   TransactionAutoConfiguration.EnableTransactionManagementConfiguration matched:
      - @ConditionalOnBean (types: org.springframework.transaction.TransactionManager; SearchStrategy: all) found bean 'transactionManager'; @ConditionalOnMissingBean (types: org.springframework.transaction.annotation.AbstractTransactionManagementConfiguration; SearchStrategy: all) did not find any beans (OnBeanCondition)

   TransactionAutoConfiguration.EnableTransactionManagementConfiguration.CglibAutoProxyConfiguration matched:
      - @ConditionalOnBooleanProperty (spring.aop.proxy-target-class=true) matched (OnPropertyCondition)

   TransactionAutoConfiguration.TransactionTemplateConfiguration matched:
      - @ConditionalOnSingleCandidate (types: org.springframework.transaction.PlatformTransactionManager; SearchStrategy: all) found a single bean 'transactionManager' (OnBeanCondition)

   TransactionAutoConfiguration.TransactionTemplateConfiguration#transactionTemplate matched:
      - @ConditionalOnMissingBean (types: org.springframework.transaction.support.TransactionOperations; SearchStrategy: all) did not find any beans (OnBeanCondition)

   TransactionManagerCustomizationAutoConfiguration matched:
      - @ConditionalOnClass found required class 'org.springframework.transaction.PlatformTransactionManager' (OnClassCondition)

   TransactionManagerCustomizationAutoConfiguration#platformTransactionManagerCustomizers matched:
      - @ConditionalOnMissingBean (types: org.springframework.boot.transaction.autoconfigure.TransactionManagerCustomizers; SearchStrategy: all) did not find any beans (OnBeanCondition)

   ValidationAutoConfiguration matched:
      - @ConditionalOnClass found required class 'jakarta.validation.executable.ExecutableValidator' (OnClassCondition)
      - @ConditionalOnResource found location classpath:META-INF/services/jakarta.validation.spi.ValidationProvider (OnResourceCondition)

   ValidationAutoConfiguration#defaultValidator matched:
      - @ConditionalOnMissingBean (types: jakarta.validation.Validator; SearchStrategy: all) did not find any beans (OnBeanCondition)

   ValidationAutoConfiguration#methodValidationPostProcessor matched:
      - @ConditionalOnMissingBean (types: org.springframework.validation.beanvalidation.MethodValidationPostProcessor; SearchStrategy: current) did not find any beans (OnBeanCondition)

   WebMvcAutoConfiguration matched:
      - @ConditionalOnClass found required classes 'jakarta.servlet.Servlet', 'org.springframework.web.servlet.DispatcherServlet', 'org.springframework.web.servlet.config.annotation.WebMvcConfigurer' (OnClassCondition)
      - found 'session' scope (OnWebApplicationCondition)
      - @ConditionalOnMissingBean (types: org.springframework.web.servlet.config.annotation.WebMvcConfigurationSupport; SearchStrategy: all) did not find any beans (OnBeanCondition)

   WebMvcAutoConfiguration#formContentFilter matched:
      - @ConditionalOnBooleanProperty (spring.mvc.formcontent.filter.enabled=true) matched (OnPropertyCondition)
      - @ConditionalOnMissingBean (types: org.springframework.web.filter.FormContentFilter; SearchStrategy: all) did not find any beans (OnBeanCondition)

   WebMvcAutoConfiguration.EnableWebMvcConfiguration#flashMapManager matched:
      - @ConditionalOnMissingBean (names: flashMapManager; SearchStrategy: all) did not find any beans (OnBeanCondition)

   WebMvcAutoConfiguration.EnableWebMvcConfiguration#localeResolver matched:
      - @ConditionalOnMissingBean (names: localeResolver; SearchStrategy: all) did not find any beans (OnBeanCondition)

   WebMvcAutoConfiguration.EnableWebMvcConfiguration#viewNameTranslator matched:
      - @ConditionalOnMissingBean (names: viewNameTranslator; SearchStrategy: all) did not find any beans (OnBeanCondition)

   WebMvcAutoConfiguration.WebMvcAutoConfigurationAdapter#defaultViewResolver matched:
      - @ConditionalOnMissingBean (types: org.springframework.web.servlet.view.InternalResourceViewResolver; SearchStrategy: all) did not find any beans (OnBeanCondition)

   WebMvcAutoConfiguration.WebMvcAutoConfigurationAdapter#requestContextFilter matched:
      - @ConditionalOnMissingBean (types: org.springframework.web.context.request.RequestContextListener,org.springframework.web.filter.RequestContextFilter; SearchStrategy: all) did not find any beans (OnBeanCondition)

   WebMvcAutoConfiguration.WebMvcAutoConfigurationAdapter#viewResolver matched:
      - @ConditionalOnBean (types: org.springframework.web.servlet.ViewResolver; SearchStrategy: all) found beans 'defaultViewResolver', 'beanNameViewResolver', 'mvcViewResolver'; @ConditionalOnMissingBean (names: viewResolver types: org.springframework.web.servlet.view.ContentNegotiatingViewResolver; SearchStrategy: all) did not find any beans (OnBeanCondition)


Negative matches:
-----------------

   AopAutoConfiguration.AspectJAutoProxyingConfiguration.JdkDynamicAutoProxyConfiguration:
      Did not match:
         - @ConditionalOnBooleanProperty (spring.aop.proxy-target-class=false) did not find property 'spring.aop.proxy-target-class' (OnPropertyCondition)

   AopAutoConfiguration.ClassProxyingConfiguration:
      Did not match:
         - @ConditionalOnMissingClass found unwanted class 'org.aspectj.weaver.Advice' (OnClassCondition)

   DataJpaRepositoriesAutoConfiguration#entityManagerFactoryBootstrapExecutorCustomizer:
      Did not match:
         - @ConditionalOnProperty (spring.data.jpa.repositories.bootstrap-mode=deferred) did not find property 'spring.data.jpa.repositories.bootstrap-mode' (OnPropertyCondition)

   DataRepositoryMetricsAutoConfiguration:
      Did not match:
         - @ConditionalOnBean did not find required type 'io.micrometer.core.instrument.MeterRegistry' (OnBeanCondition)

   DataSourceAutoConfiguration.EmbeddedDatabaseConfiguration:
      Did not match:
         - EmbeddedDataSource spring.datasource.url is set (DataSourceAutoConfiguration.EmbeddedDatabaseCondition)

   DataSourceCheckpointRestoreConfiguration:
      Did not match:
         - @ConditionalOnClass did not find required class 'org.crac.Resource' (OnClassCondition)

   DataSourceConfiguration.Dbcp2:
      Did not match:
         - @ConditionalOnClass did not find required class 'org.apache.commons.dbcp2.BasicDataSource' (OnClassCondition)

   DataSourceConfiguration.Generic:
      Did not match:
         - @ConditionalOnProperty (spring.datasource.type) did not find property 'spring.datasource.type' (OnPropertyCondition)

   DataSourceConfiguration.OracleUcp:
      Did not match:
         - @ConditionalOnClass did not find required classes 'oracle.ucp.jdbc.PoolDataSourceImpl', 'oracle.jdbc.OracleConnection' (OnClassCondition)

   DataSourceConfiguration.Tomcat:
      Did not match:
         - @ConditionalOnClass did not find required class 'org.apache.tomcat.jdbc.pool.DataSource' (OnClassCondition)

   DataSourceHealthContributorAutoConfiguration:
      Did not match:
         - @ConditionalOnClass did not find required class 'org.springframework.boot.health.autoconfigure.contributor.ConditionalOnEnabledHealthIndicator' (OnClassCondition)

   DataSourceJmxConfiguration:
      Did not match:
         - @ConditionalOnBooleanProperty (spring.jmx.enabled=true) did not find property 'spring.jmx.enabled' (OnPropertyCondition)

   DataSourcePoolMetadataProvidersConfiguration.CommonsDbcp2PoolDataSourceMetadataProviderConfiguration:
      Did not match:
         - @ConditionalOnClass did not find required class 'org.apache.commons.dbcp2.BasicDataSource' (OnClassCondition)

   DataSourcePoolMetadataProvidersConfiguration.OracleUcpPoolDataSourceMetadataProviderConfiguration:
      Did not match:
         - @ConditionalOnClass did not find required classes 'oracle.ucp.jdbc.PoolDataSource', 'oracle.jdbc.OracleConnection' (OnClassCondition)

   DataSourcePoolMetadataProvidersConfiguration.TomcatDataSourcePoolMetadataProviderConfiguration:
      Did not match:
         - @ConditionalOnClass did not find required class 'org.apache.tomcat.jdbc.pool.DataSource' (OnClassCondition)

   DataSourcePoolMetricsAutoConfiguration:
      Did not match:
         - @ConditionalOnClass did not find required class 'io.micrometer.core.instrument.MeterRegistry' (OnClassCondition)

   DataSourceTransactionManagerAutoConfiguration.JdbcTransactionManagerConfiguration#transactionManager:
      Did not match:
         - @ConditionalOnMissingBean (types: org.springframework.transaction.TransactionManager; SearchStrategy: all) found beans of type 'org.springframework.transaction.TransactionManager' transactionManager (OnBeanCondition)

   DefaultTaskSchedulerConfiguration#taskSchedulerVirtualThreads:
      Did not match:
         - @ConditionalOnThreading did not find VIRTUAL (OnThreadingCondition)
      Matched:
         - @ConditionalOnBean (types: org.springframework.boot.task.SimpleAsyncTaskSchedulerBuilder; SearchStrategy: all) found bean 'simpleAsyncTaskSchedulerBuilder' (OnBeanCondition)

   DevToolsR2dbcAutoConfiguration:
      Did not match:
         - @ConditionalOnClass did not find required class 'io.r2dbc.spi.ConnectionFactory' (OnClassCondition)

   DispatcherServletAutoConfiguration.DispatcherServletConfiguration#multipartResolver:
      Did not match:
         - @ConditionalOnBean (types: org.springframework.web.multipart.MultipartResolver; SearchStrategy: all) did not find any beans of type org.springframework.web.multipart.MultipartResolver (OnBeanCondition)

   GsonHttpMessageConvertersConfiguration:
      Did not match:
         - @ConditionalOnClass did not find required class 'com.google.gson.Gson' (OnClassCondition)

   HibernateMetricsAutoConfiguration:
      Did not match:
         - @ConditionalOnClass did not find required class 'io.micrometer.core.instrument.MeterRegistry' (OnClassCondition)

   Jackson2HttpMessageConvertersConfiguration.MappingJackson2HttpMessageConverterConfiguration:
      Did not match:
         - AnyNestedCondition 0 matched 2 did not; NestedCondition on Jackson2HttpMessageConvertersConfiguration.PreferJackson2OrJacksonUnavailableCondition.JacksonUnavailable @ConditionalOnMissingBean (types: org.springframework.boot.http.converter.autoconfigure.JacksonHttpMessageConvertersConfiguration$JacksonJsonHttpMessageConvertersCustomizer; SearchStrategy: all) found beans of type 'org.springframework.boot.http.converter.autoconfigure.JacksonHttpMessageConvertersConfiguration$JacksonJsonHttpMessageConvertersCustomizer' jacksonJsonHttpMessageConvertersCustomizer; NestedCondition on Jackson2HttpMessageConvertersConfiguration.PreferJackson2OrJacksonUnavailableCondition.Jackson2Preferred @ConditionalOnProperty (spring.http.converters.preferred-json-mapper=jackson2) did not find property 'spring.http.converters.preferred-json-mapper' (Jackson2HttpMessageConvertersConfiguration.PreferJackson2OrJacksonUnavailableCondition)
      Matched:
         - @ConditionalOnClass found required class 'com.fasterxml.jackson.databind.ObjectMapper' (OnClassCondition)

   Jackson2HttpMessageConvertersConfiguration.MappingJackson2XmlHttpMessageConverterConfiguration:
      Did not match:
         - @ConditionalOnClass did not find required class 'com.fasterxml.jackson.dataformat.xml.XmlMapper' (OnClassCondition)

   JacksonAutoConfiguration.CborConfiguration:
      Did not match:
         - @ConditionalOnClass did not find required class 'tools.jackson.dataformat.cbor.CBORMapper' (OnClassCondition)

   JacksonAutoConfiguration.XmlConfiguration:
      Did not match:
         - @ConditionalOnClass did not find required class 'tools.jackson.dataformat.xml.XmlMapper' (OnClassCondition)

   JacksonHttpMessageConvertersConfiguration.JacksonXmlHttpMessageConverterConfiguration:
      Did not match:
         - @ConditionalOnClass did not find required class 'tools.jackson.dataformat.xml.XmlMapper' (OnClassCondition)

   JmxAutoConfiguration:
      Did not match:
         - @ConditionalOnBooleanProperty (spring.jmx.enabled=true) did not find property 'spring.jmx.enabled' (OnPropertyCondition)
      Matched:
         - @ConditionalOnClass found required class 'org.springframework.jmx.export.MBeanExporter' (OnClassCondition)

   JndiDataSourceAutoConfiguration:
      Did not match:
         - @ConditionalOnProperty (spring.datasource.jndi-name) did not find property 'spring.datasource.jndi-name' (OnPropertyCondition)
      Matched:
         - @ConditionalOnClass found required classes 'javax.sql.DataSource', 'org.springframework.jdbc.datasource.embedded.EmbeddedDatabaseType' (OnClassCondition)

   JndiJtaConfiguration:
      Did not match:
         - @ConditionalOnJndi JNDI environment is not available (OnJndiCondition)
      Matched:
         - @ConditionalOnClass found required class 'org.springframework.transaction.jta.JtaTransactionManager' (OnClassCondition)

   JsonbHttpMessageConvertersConfiguration:
      Did not match:
         - @ConditionalOnClass did not find required class 'jakarta.json.bind.Jsonb' (OnClassCondition)

   KotlinSerializationHttpMessageConvertersConfiguration:
      Did not match:
         - @ConditionalOnClass did not find required classes 'kotlinx.serialization.Serializable', 'kotlinx.serialization.json.Json' (OnClassCondition)

   LazyConnectionDataSourceConfiguration:
      Did not match:
         - @ConditionalOnProperty (spring.datasource.connection-fetch=lazy) did not find property 'spring.datasource.connection-fetch' (OnPropertyCondition)

   LocalDevToolsAutoConfiguration.LiveReloadConfiguration:
      Did not match:
         - @ConditionalOnBooleanProperty (spring.devtools.livereload.enabled=true) did not find property 'spring.devtools.livereload.enabled' (OnPropertyCondition)

   ManagementWebSecurityAutoConfiguration:
      Did not match:
         - @ConditionalOnClass did not find required class 'org.springframework.boot.actuate.autoconfigure.endpoint.web.WebEndpointAutoConfiguration' (OnClassCondition)

   MessageSourceAutoConfiguration:
      Did not match:
         - ResourceBundle did not find bundle with basename messages (MessageSourceAutoConfiguration.ResourceBundleCondition)

   ProjectInfoAutoConfiguration#buildProperties:
      Did not match:
         - @ConditionalOnResource did not find resource '${spring.info.build.location:classpath:META-INF/build-info.properties}' (OnResourceCondition)

   ProjectInfoAutoConfiguration#gitProperties:
      Did not match:
         - GitResource did not find git info at classpath:git.properties (ProjectInfoAutoConfiguration.GitResourceAvailableCondition)

   RSocketSecurityAutoConfiguration:
      Did not match:
         - @ConditionalOnClass did not find required class 'org.springframework.boot.rsocket.server.RSocketServerCustomizer' (OnClassCondition)

   ReactiveManagementWebSecurityAutoConfiguration:
      Did not match:
         - @ConditionalOnClass did not find required class 'org.springframework.boot.actuate.autoconfigure.endpoint.web.WebEndpointAutoConfiguration' (OnClassCondition)

   ReactiveUserDetailsServiceAutoConfiguration:
      Did not match:
         - AnyNestedCondition 0 matched 2 did not; NestedCondition on ReactiveUserDetailsServiceAutoConfiguration.RSocketEnabledOrReactiveWebApplication.ReactiveWebApplicationCondition did not find reactive web application classes; NestedCondition on ReactiveUserDetailsServiceAutoConfiguration.RSocketEnabledOrReactiveWebApplication.RSocketSecurityEnabledCondition @ConditionalOnBean (types: org.springframework.messaging.rsocket.annotation.support.RSocketMessageHandler; SearchStrategy: all) did not find any beans of type org.springframework.messaging.rsocket.annotation.support.RSocketMessageHandler (ReactiveUserDetailsServiceAutoConfiguration.RSocketEnabledOrReactiveWebApplication)
      Matched:
         - @ConditionalOnClass found required class 'org.springframework.security.authentication.ReactiveAuthenticationManager' (OnClassCondition)
         - AnyNestedCondition 1 matched 2 did not; NestedCondition on MissingAlternativeUserDetailsManagerOrUserPropertiesConfigured.PasswordConfigured @ConditionalOnProperty (spring.security.user.password) did not find property 'spring.security.user.password'; NestedCondition on MissingAlternativeUserDetailsManagerOrUserPropertiesConfigured.NameConfigured @ConditionalOnProperty (spring.security.user.name) did not find property 'spring.security.user.name'; NestedCondition on MissingAlternativeUserDetailsManagerOrUserPropertiesConfigured.MissingAlternative @ConditionalOnMissingClass did not find unwanted classes 'org.springframework.security.oauth2.client.registration.ClientRegistrationRepository', 'org.springframework.security.oauth2.server.resource.introspection.OpaqueTokenIntrospector', 'org.springframework.security.saml2.provider.service.registration.RelyingPartyRegistrationRepository' (MissingAlternativeUserDetailsManagerOrUserPropertiesConfigured)

   ReactiveWebSecurityAutoConfiguration:
      Did not match:
         - @ConditionalOnClass did not find required class 'reactor.core.publisher.Flux' (OnClassCondition)

   RemoteDevToolsAutoConfiguration:
      Did not match:
         - @ConditionalOnProperty (spring.devtools.remote.secret) did not find property 'spring.devtools.remote.secret' (OnPropertyCondition)
      Matched:
         - @ConditionalOnClass found required classes 'jakarta.servlet.Filter', 'org.springframework.http.server.ServerHttpRequest', 'org.springframework.boot.web.server.autoconfigure.ServerProperties' (OnClassCondition)

   SecurityAutoConfiguration.SecurityDataConfiguration:
      Did not match:
         - @ConditionalOnClass did not find required class 'org.springframework.security.data.repository.query.SecurityEvaluationContextExtension' (OnClassCondition)

   ServletHttpExchangesAutoConfiguration:
      Did not match:
         - @ConditionalOnBean did not find required type 'org.springframework.boot.actuate.web.exchanges.HttpExchangeRepository' (OnBeanCondition)

   ServletManagementContextAutoConfiguration:
      Did not match:
         - @ConditionalOnClass did not find required class 'org.springframework.boot.actuate.autoconfigure.endpoint.web.WebEndpointProperties' (OnClassCondition)

   ServletMappingsAutoConfiguration:
      Did not match:
         - @ConditionalOnClass did not find required class 'org.springframework.boot.actuate.autoconfigure.endpoint.condition.ConditionalOnAvailableEndpoint' (OnClassCondition)

   ServletWebSecurityAutoConfiguration.EnableWebSecurityConfiguration:
      Did not match:
         - @ConditionalOnMissingBean (names: springSecurityFilterChain; SearchStrategy: all) found beans named springSecurityFilterChain (OnBeanCondition)
      Matched:
         - @ConditionalOnClass found required class 'org.springframework.security.config.annotation.web.configuration.EnableWebSecurity' (OnClassCondition)

   ServletWebSecurityAutoConfiguration.SecurityFilterChainConfiguration:
      Did not match:
         - AllNestedConditions 1 matched 1 did not; NestedCondition on DefaultWebSecurityCondition.Beans @ConditionalOnMissingBean (types: org.springframework.security.web.SecurityFilterChain; SearchStrategy: all) found beans of type 'org.springframework.security.web.SecurityFilterChain' securityFilterChain; NestedCondition on DefaultWebSecurityCondition.Classes @ConditionalOnClass found required classes 'org.springframework.security.web.SecurityFilterChain', 'org.springframework.security.config.annotation.web.builders.HttpSecurity' (DefaultWebSecurityCondition)

   ServletWebServerConfiguration#forwardedHeaderFilter:
      Did not match:
         - @ConditionalOnProperty (server.forward-headers-strategy=framework) did not find property 'server.forward-headers-strategy' (OnPropertyCondition)

   SpringApplicationAdminJmxAutoConfiguration:
      Did not match:
         - @ConditionalOnBooleanProperty (spring.application.admin.enabled=true) did not find property 'spring.application.admin.enabled' (OnPropertyCondition)

   TaskExecutorConfigurations.AsyncConfigurerWrapperConfiguration:
      Did not match:
         - @ConditionalOnBean (types: org.springframework.scheduling.annotation.AsyncConfigurer; SearchStrategy: all) did not find any beans of type org.springframework.scheduling.annotation.AsyncConfigurer (OnBeanCondition)

   TaskExecutorConfigurations.SimpleAsyncTaskExecutorBuilderConfiguration#simpleAsyncTaskExecutorBuilderVirtualThreads:
      Did not match:
         - @ConditionalOnMissingBean (types: org.springframework.boot.task.SimpleAsyncTaskExecutorBuilder; SearchStrategy: all) found beans of type 'org.springframework.boot.task.SimpleAsyncTaskExecutorBuilder' simpleAsyncTaskExecutorBuilder (OnBeanCondition)

   TaskExecutorConfigurations.TaskExecutorConfiguration#applicationTaskExecutorVirtualThreads:
      Did not match:
         - @ConditionalOnThreading did not find VIRTUAL (OnThreadingCondition)

   TaskExecutorConfigurations.TaskExecutorContextPropagationConfiguration:
      Did not match:
         - @ConditionalOnClass did not find required class 'io.micrometer.context.ContextSnapshot' (OnClassCondition)

   TaskSchedulingConfigurations.SimpleAsyncTaskSchedulerBuilderConfiguration#simpleAsyncTaskSchedulerBuilderVirtualThreads:
      Did not match:
         - @ConditionalOnMissingBean (types: org.springframework.boot.task.SimpleAsyncTaskSchedulerBuilder; SearchStrategy: all) found beans of type 'org.springframework.boot.task.SimpleAsyncTaskSchedulerBuilder' simpleAsyncTaskSchedulerBuilder (OnBeanCondition)

   TomcatMetricsAutoConfiguration:
      Did not match:
         - @ConditionalOnClass did not find required class 'io.micrometer.core.instrument.binder.tomcat.TomcatMetrics' (OnClassCondition)

   TomcatReactiveManagementContextAutoConfiguration:
      Did not match:
         - @ConditionalOnClass did not find required class 'org.springframework.boot.actuate.autoconfigure.web.server.ManagementContextFactory' (OnClassCondition)

   TomcatReactiveWebServerAutoConfiguration:
      Did not match:
         - @ConditionalOnWebApplication did not find reactive web application classes (OnWebApplicationCondition)

   TomcatServletManagementContextAutoConfiguration:
      Did not match:
         - @ConditionalOnClass did not find required class 'org.springframework.boot.actuate.autoconfigure.web.server.ManagementContextFactory' (OnClassCondition)

   TomcatServletWebServerAutoConfiguration#tomcatForwardedHeaderFilterCustomizer:
      Did not match:
         - @ConditionalOnProperty (server.forward-headers-strategy=framework) did not find property 'server.forward-headers-strategy' (OnPropertyCondition)

   TomcatWebServerConfiguration#tomcatVirtualThreadsProtocolHandlerCustomizer:
      Did not match:
         - @ConditionalOnThreading did not find VIRTUAL (OnThreadingCondition)

   TransactionAutoConfiguration#transactionalOperator:
      Did not match:
         - @ConditionalOnSingleCandidate (types: org.springframework.transaction.ReactiveTransactionManager; SearchStrategy: all) did not find any beans (OnBeanCondition)

   TransactionAutoConfiguration.AspectJTransactionManagementConfiguration:
      Did not match:
         - @ConditionalOnBean (types: org.springframework.transaction.aspectj.AbstractTransactionAspect; SearchStrategy: all) did not find any beans of type org.springframework.transaction.aspectj.AbstractTransactionAspect (OnBeanCondition)

   TransactionAutoConfiguration.EnableTransactionManagementConfiguration.JdkDynamicAutoProxyConfiguration:
      Did not match:
         - @ConditionalOnBooleanProperty (spring.aop.proxy-target-class=false) did not find property 'spring.aop.proxy-target-class' (OnPropertyCondition)

   UserDetailsServiceAutoConfiguration:
      Did not match:
         - @ConditionalOnMissingBean (types: org.springframework.security.authentication.AuthenticationManager,org.springframework.security.authentication.AuthenticationProvider,org.springframework.security.core.userdetails.UserDetailsService,org.springframework.security.authentication.AuthenticationManagerResolver,org.springframework.security.oauth2.jwt.JwtDecoder; SearchStrategy: all) found beans of type 'org.springframework.security.authentication.AuthenticationManager' authenticationManager and found beans of type 'org.springframework.security.core.userdetails.UserDetailsService' customUserDetailsService (OnBeanCondition)
      Matched:
         - @ConditionalOnClass found required class 'org.springframework.security.authentication.AuthenticationManager' (OnClassCondition)
         - found 'session' scope (OnWebApplicationCondition)
         - AnyNestedCondition 1 matched 2 did not; NestedCondition on MissingAlternativeUserDetailsManagerOrUserPropertiesConfigured.PasswordConfigured @ConditionalOnProperty (spring.security.user.password) did not find property 'spring.security.user.password'; NestedCondition on MissingAlternativeUserDetailsManagerOrUserPropertiesConfigured.NameConfigured @ConditionalOnProperty (spring.security.user.name) did not find property 'spring.security.user.name'; NestedCondition on MissingAlternativeUserDetailsManagerOrUserPropertiesConfigured.MissingAlternative @ConditionalOnMissingClass did not find unwanted classes 'org.springframework.security.oauth2.client.registration.ClientRegistrationRepository', 'org.springframework.security.oauth2.server.resource.introspection.OpaqueTokenIntrospector', 'org.springframework.security.saml2.provider.service.registration.RelyingPartyRegistrationRepository' (MissingAlternativeUserDetailsManagerOrUserPropertiesConfigured)

   WebMvcAutoConfiguration#hiddenHttpMethodFilter:
      Did not match:
         - @ConditionalOnBooleanProperty (spring.mvc.hiddenmethod.filter.enabled=true) did not find property 'spring.mvc.hiddenmethod.filter.enabled' (OnPropertyCondition)

   WebMvcAutoConfiguration.ProblemDetailsErrorHandlingConfiguration:
      Did not match:
         - @ConditionalOnBooleanProperty (spring.mvc.problemdetails.enabled=true) did not find property 'spring.mvc.problemdetails.enabled' (OnPropertyCondition)

   WebMvcAutoConfiguration.ResourceChainCustomizerConfiguration:
      Did not match:
         - @ConditionalOnEnabledResourceChain did not find class org.webjars.WebJarVersionLocator (OnEnabledResourceChainCondition)

   WebMvcAutoConfiguration.WebMvcAutoConfigurationAdapter#beanNameViewResolver:
      Did not match:
         - @ConditionalOnMissingBean (types: org.springframework.web.servlet.view.BeanNameViewResolver; SearchStrategy: all) found beans of type 'org.springframework.web.servlet.view.BeanNameViewResolver' beanNameViewResolver (OnBeanCondition)

   WebMvcHealthEndpointExtensionAutoConfiguration:
      Did not match:
         - @ConditionalOnClass did not find required class 'org.springframework.boot.health.actuate.endpoint.HealthEndpoint' (OnClassCondition)

   WebMvcMappingsAutoConfiguration:
      Did not match:
         - @ConditionalOnClass did not find required class 'org.springframework.boot.actuate.autoconfigure.endpoint.condition.ConditionalOnAvailableEndpoint' (OnClassCondition)

   WebMvcObservationAutoConfiguration:
      Did not match:
         - @ConditionalOnClass did not find required class 'org.springframework.boot.micrometer.observation.autoconfigure.ObservationProperties' (OnClassCondition)

   XADataSourceAutoConfiguration:
      Did not match:
         - @ConditionalOnBean (types: org.springframework.boot.jdbc.XADataSourceWrapper; SearchStrategy: all) did not find any beans of type org.springframework.boot.jdbc.XADataSourceWrapper (OnBeanCondition)
      Matched:
         - @ConditionalOnClass found required classes 'javax.sql.DataSource', 'jakarta.transaction.TransactionManager', 'org.springframework.jdbc.datasource.embedded.EmbeddedDatabaseType' (OnClassCondition)


Exclusions:
-----------

    None


Unconditional classes:
----------------------

    org.springframework.boot.autoconfigure.context.ConfigurationPropertiesAutoConfiguration

    org.springframework.boot.autoconfigure.ssl.SslAutoConfiguration

    org.springframework.boot.autoconfigure.context.LifecycleAutoConfiguration

    org.springframework.boot.autoconfigure.context.PropertyPlaceholderAutoConfiguration

    org.springframework.boot.autoconfigure.availability.ApplicationAvailabilityAutoConfiguration

    org.springframework.boot.autoconfigure.info.ProjectInfoAutoConfiguration



2026-07-22T19:15:37.418+03:00  INFO 5320 --- [schoolbackend] [  restartedMain] c.s.s.SchoolbackendApplication           : Started SchoolbackendApplication in 6.987 seconds (process running for 7.452)
2026-07-22T19:15:37.419+03:00 DEBUG 5320 --- [schoolbackend] [  restartedMain] o.s.b.a.ApplicationAvailabilityBean      : Application availability state LivenessState changed to CORRECT
2026-07-22T19:15:37.803+03:00 DEBUG 5320 --- [schoolbackend] [  restartedMain] org.hibernate.SQL                        : 
    select
        u1_0.id,
        case 
            when u1_1.id is not null 
                then 1 
            when u1_2.id is not null 
                then 2 
            when u1_0.id is not null 
                then 0 
        end,
        u1_0.email,
        u1_0.first_name,
        u1_0.last_name,
        u1_0.password,
        u1_0.role,
        u1_1.admission_number,
        u1_1.class_section_id,
        u1_1.parent_contact_number,
        u1_1.roll_number,
        u1_2.department,
        u1_2.qualification 
    from
        users u1_0 
    left join
        students u1_1 
            on u1_0.id=u1_1.id 
    left join
        teachers u1_2 
            on u1_0.id=u1_2.id 
    where
        u1_0.email=?
2026-07-22T19:15:37.829+03:00 DEBUG 5320 --- [schoolbackend] [  restartedMain] o.s.boot.devtools.restart.Restarter      : Creating new Restarter for thread Thread[#1,main,5,main]
2026-07-22T19:15:37.830+03:00 DEBUG 5320 --- [schoolbackend] [  restartedMain] o.s.boot.devtools.restart.Restarter      : Immediately restarting application
2026-07-22T19:15:37.830+03:00 DEBUG 5320 --- [schoolbackend] [  restartedMain] o.s.boot.devtools.restart.Restarter      : Starting application com.stanford.schoolbackend.SchoolbackendApplication with URLs [file:/home/maroots/Downloads/JAVA/stanford/schoolbackend/target/classes/]
2026-07-22T19:15:37.830+03:00 DEBUG 5320 --- [schoolbackend] [  restartedMain] o.s.b.a.ApplicationAvailabilityBean      : Application availability state ReadinessState changed to ACCEPTING_TRAFFIC
2026-07-22T19:34:04.327+03:00  INFO 5320 --- [schoolbackend] [nio-8080-exec-1] o.a.c.c.C.[Tomcat].[localhost].[/]       : Initializing Spring DispatcherServlet 'dispatcherServlet'
2026-07-22T19:34:04.336+03:00  INFO 5320 --- [schoolbackend] [nio-8080-exec-1] o.s.web.servlet.DispatcherServlet        : Initializing Servlet 'dispatcherServlet'
2026-07-22T19:34:04.336+03:00 DEBUG 5320 --- [schoolbackend] [nio-8080-exec-1] o.s.web.servlet.DispatcherServlet        : Detected StandardServletMultipartResolver
2026-07-22T19:34:04.337+03:00 DEBUG 5320 --- [schoolbackend] [nio-8080-exec-1] o.s.web.servlet.DispatcherServlet        : Detected AcceptHeaderLocaleResolver
2026-07-22T19:34:04.343+03:00 DEBUG 5320 --- [schoolbackend] [nio-8080-exec-1] o.s.web.servlet.DispatcherServlet        : Detected org.springframework.web.servlet.view.DefaultRequestToViewNameTranslator@13874c40
2026-07-22T19:34:04.344+03:00 DEBUG 5320 --- [schoolbackend] [nio-8080-exec-1] o.s.web.servlet.DispatcherServlet        : Detected org.springframework.web.servlet.support.SessionFlashMapManager@349d1f78
2026-07-22T19:34:04.346+03:00 DEBUG 5320 --- [schoolbackend] [nio-8080-exec-1] o.s.web.servlet.DispatcherServlet        : enableLoggingRequestDetails='false': request parameters and headers will be masked to prevent unsafe logging of potentially sensitive data
2026-07-22T19:34:04.348+03:00  INFO 5320 --- [schoolbackend] [nio-8080-exec-1] o.s.web.servlet.DispatcherServlet        : Completed initialization in 11 ms
2026-07-22T19:34:04.472+03:00 DEBUG 5320 --- [schoolbackend] [nio-8080-exec-2] o.s.web.servlet.DispatcherServlet        : POST "/api/auth/login", parameters={}
2026-07-22T19:34:04.487+03:00 DEBUG 5320 --- [schoolbackend] [nio-8080-exec-2] s.w.s.m.m.a.RequestMappingHandlerMapping : Mapped to com.stanford.schoolbackend.core.auth.AuthController#login(AuthRequest)
2026-07-22T19:34:04.635+03:00 DEBUG 5320 --- [schoolbackend] [nio-8080-exec-2] m.m.a.RequestResponseBodyMethodProcessor : Read "application/json;charset=UTF-8" to [AuthRequest(email=admin@admin.com, password=ADMIN123)]
2026-07-22T19:34:04.871+03:00 DEBUG 5320 --- [schoolbackend] [nio-8080-exec-2] org.hibernate.SQL                        : 
    select
        u1_0.id,
        case 
            when u1_1.id is not null 
                then 1 
            when u1_2.id is not null 
                then 2 
            when u1_0.id is not null 
                then 0 
        end,
        u1_0.email,
        u1_0.first_name,
        u1_0.last_name,
        u1_0.password,
        u1_0.role,
        u1_1.admission_number,
        u1_1.class_section_id,
        u1_1.parent_contact_number,
        u1_1.roll_number,
        u1_2.department,
        u1_2.qualification 
    from
        users u1_0 
    left join
        students u1_1 
            on u1_0.id=u1_1.id 
    left join
        teachers u1_2 
            on u1_0.id=u1_2.id 
    where
        u1_0.email=?
2026-07-22T19:34:04.995+03:00 DEBUG 5320 --- [schoolbackend] [nio-8080-exec-2] org.hibernate.SQL                        : 
    select
        u1_0.id,
        case 
            when u1_1.id is not null 
                then 1 
            when u1_2.id is not null 
                then 2 
            when u1_0.id is not null 
                then 0 
        end,
        u1_0.email,
        u1_0.first_name,
        u1_0.last_name,
        u1_0.password,
        u1_0.role,
        u1_1.admission_number,
        u1_1.class_section_id,
        u1_1.parent_contact_number,
        u1_1.roll_number,
        u1_2.department,
        u1_2.qualification 
    from
        users u1_0 
    left join
        students u1_1 
            on u1_0.id=u1_1.id 
    left join
        teachers u1_2 
            on u1_0.id=u1_2.id 
    where
        u1_0.email=?
2026-07-22T19:34:05.221+03:00 DEBUG 5320 --- [schoolbackend] [nio-8080-exec-2] o.s.w.s.m.m.a.HttpEntityMethodProcessor  : Using 'application/json', given [application/json, text/plain, */*] and supported [application/json, application/*+json]
2026-07-22T19:34:05.223+03:00 DEBUG 5320 --- [schoolbackend] [nio-8080-exec-2] o.s.w.s.m.m.a.HttpEntityMethodProcessor  : Writing [AuthResponse(accessToken=eyJhbGciOiJIUzM4NCJ9.eyJzdWIiOiJhZG1pbkBhZG1pbi5jb20iLCJpYXQiOjE3ODQ3MzgwND (truncated)...]
2026-07-22T19:34:05.274+03:00 DEBUG 5320 --- [schoolbackend] [nio-8080-exec-2] o.s.web.servlet.DispatcherServlet        : Completed 200 OK
2026-07-22T19:34:05.720+03:00 DEBUG 5320 --- [schoolbackend] [io-8080-exec-10] org.hibernate.SQL                        : 
    select
        u1_0.id,
        case 
            when u1_1.id is not null 
                then 1 
            when u1_2.id is not null 
                then 2 
            when u1_0.id is not null 
                then 0 
        end,
        u1_0.email,
        u1_0.first_name,
        u1_0.last_name,
        u1_0.password,
        u1_0.role,
        u1_1.admission_number,
        u1_1.class_section_id,
        u1_1.parent_contact_number,
        u1_1.roll_number,
        u1_2.department,
        u1_2.qualification 
    from
        users u1_0 
    left join
        students u1_1 
            on u1_0.id=u1_1.id 
    left join
        teachers u1_2 
            on u1_0.id=u1_2.id 
    where
        u1_0.email=?
2026-07-22T19:34:05.721+03:00 DEBUG 5320 --- [schoolbackend] [nio-8080-exec-9] org.hibernate.SQL                        : 
    select
        u1_0.id,
        case 
            when u1_1.id is not null 
                then 1 
            when u1_2.id is not null 
                then 2 
            when u1_0.id is not null 
                then 0 
        end,
        u1_0.email,
        u1_0.first_name,
        u1_0.last_name,
        u1_0.password,
        u1_0.role,
        u1_1.admission_number,
        u1_1.class_section_id,
        u1_1.parent_contact_number,
        u1_1.roll_number,
        u1_2.department,
        u1_2.qualification 
    from
        users u1_0 
    left join
        students u1_1 
            on u1_0.id=u1_1.id 
    left join
        teachers u1_2 
            on u1_0.id=u1_2.id 
    where
        u1_0.email=?
2026-07-22T19:34:05.722+03:00 DEBUG 5320 --- [schoolbackend] [nio-8080-exec-7] org.hibernate.SQL                        : 
    select
        u1_0.id,
        case 
            when u1_1.id is not null 
                then 1 
            when u1_2.id is not null 
                then 2 
            when u1_0.id is not null 
                then 0 
        end,
        u1_0.email,
        u1_0.first_name,
        u1_0.last_name,
        u1_0.password,
        u1_0.role,
        u1_1.admission_number,
        u1_1.class_section_id,
        u1_1.parent_contact_number,
        u1_1.roll_number,
        u1_2.department,
        u1_2.qualification 
    from
        users u1_0 
    left join
        students u1_1 
            on u1_0.id=u1_1.id 
    left join
        teachers u1_2 
            on u1_0.id=u1_2.id 
    where
        u1_0.email=?
2026-07-22T19:34:05.722+03:00 DEBUG 5320 --- [schoolbackend] [nio-8080-exec-1] org.hibernate.SQL                        : 
    select
        u1_0.id,
        case 
            when u1_1.id is not null 
                then 1 
            when u1_2.id is not null 
                then 2 
            when u1_0.id is not null 
                then 0 
        end,
        u1_0.email,
        u1_0.first_name,
        u1_0.last_name,
        u1_0.password,
        u1_0.role,
        u1_1.admission_number,
        u1_1.class_section_id,
        u1_1.parent_contact_number,
        u1_1.roll_number,
        u1_2.department,
        u1_2.qualification 
    from
        users u1_0 
    left join
        students u1_1 
            on u1_0.id=u1_1.id 
    left join
        teachers u1_2 
            on u1_0.id=u1_2.id 
    where
        u1_0.email=?
2026-07-22T19:34:05.732+03:00 DEBUG 5320 --- [schoolbackend] [io-8080-exec-10] o.s.web.servlet.DispatcherServlet        : GET "/api/dashboard/summary", parameters={}
2026-07-22T19:34:05.734+03:00 DEBUG 5320 --- [schoolbackend] [io-8080-exec-10] s.w.s.m.m.a.RequestMappingHandlerMapping : Mapped to com.stanford.schoolbackend.core.dashboard.DashboardController#getSummary()
2026-07-22T19:34:05.743+03:00 DEBUG 5320 --- [schoolbackend] [nio-8080-exec-7] o.s.web.servlet.DispatcherServlet        : GET "/api/terms", parameters={}
2026-07-22T19:34:05.744+03:00 DEBUG 5320 --- [schoolbackend] [nio-8080-exec-7] s.w.s.m.m.a.RequestMappingHandlerMapping : Mapped to com.stanford.schoolbackend.sms.exams.TermController#listAll()
2026-07-22T19:34:05.745+03:00 DEBUG 5320 --- [schoolbackend] [nio-8080-exec-1] o.s.web.servlet.DispatcherServlet        : GET "/api/dashboard/attendance-trend?range=WEEK", parameters={masked}
2026-07-22T19:34:05.746+03:00 DEBUG 5320 --- [schoolbackend] [nio-8080-exec-1] s.w.s.m.m.a.RequestMappingHandlerMapping : Mapped to com.stanford.schoolbackend.core.dashboard.DashboardController#getAttendanceTrend(String, Long)
2026-07-22T19:34:05.765+03:00 DEBUG 5320 --- [schoolbackend] [nio-8080-exec-9] o.s.web.servlet.DispatcherServlet        : GET "/api/notifications", parameters={}
2026-07-22T19:34:05.766+03:00 DEBUG 5320 --- [schoolbackend] [nio-8080-exec-9] s.w.s.m.m.a.RequestMappingHandlerMapping : Mapped to com.stanford.schoolbackend.core.notification.NotificationController#listForCurrentUser()
2026-07-22T19:34:05.773+03:00 DEBUG 5320 --- [schoolbackend] [nio-8080-exec-9] org.hibernate.SQL                        : 
    select
        u1_0.id,
        case 
            when u1_1.id is not null 
                then 1 
            when u1_2.id is not null 
                then 2 
            when u1_0.id is not null 
                then 0 
        end,
        u1_0.email,
        u1_0.first_name,
        u1_0.last_name,
        u1_0.password,
        u1_0.role,
        u1_1.admission_number,
        u1_1.class_section_id,
        u1_1.parent_contact_number,
        u1_1.roll_number,
        u1_2.department,
        u1_2.qualification 
    from
        users u1_0 
    left join
        students u1_1 
            on u1_0.id=u1_1.id 
    left join
        teachers u1_2 
            on u1_0.id=u1_2.id 
    where
        u1_0.email=?
2026-07-22T19:34:05.845+03:00 DEBUG 5320 --- [schoolbackend] [nio-8080-exec-9] org.hibernate.SQL                        : 
    select
        n1_0.id,
        n1_0.created_at,
        n1_0.link,
        n1_0.message,
        n1_0.read,
        n1_0.recipient_id,
        n1_0.type 
    from
        notifications n1_0 
    where
        n1_0.recipient_id=? 
    order by
        n1_0.created_at desc
2026-07-22T19:34:05.846+03:00 DEBUG 5320 --- [schoolbackend] [nio-8080-exec-7] org.hibernate.SQL                        : 
    select
        t1_0.id,
        t1_0.end_date,
        t1_0.ending_soon_notified,
        t1_0.is_current,
        t1_0.name,
        t1_0.start_date 
    from
        terms t1_0
2026-07-22T19:34:05.876+03:00 DEBUG 5320 --- [schoolbackend] [io-8080-exec-10] org.hibernate.SQL                        : 
    select
        dms1_0.id,
        dms1_0.active_classes,
        dms1_0.attendance_percentage,
        dms1_0.snapshot_date,
        dms1_0.total_students,
        dms1_0.total_teachers 
    from
        daily_metrics_snapshots dms1_0 
    where
        dms1_0.snapshot_date=?
2026-07-22T19:34:05.876+03:00 DEBUG 5320 --- [schoolbackend] [nio-8080-exec-9] o.s.w.s.m.m.a.HttpEntityMethodProcessor  : Using 'application/json', given [application/json, text/plain, */*] and supported [application/json, application/*+json]
2026-07-22T19:34:05.879+03:00 DEBUG 5320 --- [schoolbackend] [nio-8080-exec-9] o.s.w.s.m.m.a.HttpEntityMethodProcessor  : Writing [[NotificationResponse(id=1, type=STUDENT_REGISTERED, message=sharon kilel has been registered as a n (truncated)...]
2026-07-22T19:34:05.884+03:00 DEBUG 5320 --- [schoolbackend] [nio-8080-exec-7] o.s.w.s.m.m.a.HttpEntityMethodProcessor  : Using 'application/json', given [application/json, text/plain, */*] and supported [application/json, application/*+json]
2026-07-22T19:34:05.887+03:00 DEBUG 5320 --- [schoolbackend] [nio-8080-exec-1] org.hibernate.SQL                        : 
    select
        dms1_0.id,
        dms1_0.active_classes,
        dms1_0.attendance_percentage,
        dms1_0.snapshot_date,
        dms1_0.total_students,
        dms1_0.total_teachers 
    from
        daily_metrics_snapshots dms1_0 
    where
        dms1_0.snapshot_date between ? and ? 
    order by
        dms1_0.snapshot_date
2026-07-22T19:34:05.890+03:00 DEBUG 5320 --- [schoolbackend] [nio-8080-exec-7] o.s.w.s.m.m.a.HttpEntityMethodProcessor  : Writing [[TermResponse(id=1, name=TERM 2 2026, startDate=2026-04-20, endDate=2026-08-26, isCurrent=false)]]
2026-07-22T19:34:05.899+03:00 DEBUG 5320 --- [schoolbackend] [nio-8080-exec-9] o.s.web.servlet.DispatcherServlet        : Completed 200 OK
2026-07-22T19:34:05.899+03:00 DEBUG 5320 --- [schoolbackend] [nio-8080-exec-7] o.s.web.servlet.DispatcherServlet        : Completed 200 OK
2026-07-22T19:34:05.910+03:00 DEBUG 5320 --- [schoolbackend] [nio-8080-exec-1] o.s.w.s.m.m.a.HttpEntityMethodProcessor  : Using 'application/json', given [application/json, text/plain, */*] and supported [application/json, application/*+json]
2026-07-22T19:34:05.911+03:00 DEBUG 5320 --- [schoolbackend] [nio-8080-exec-6] org.hibernate.SQL                        : 
    select
        u1_0.id,
        case 
            when u1_1.id is not null 
                then 1 
            when u1_2.id is not null 
                then 2 
            when u1_0.id is not null 
                then 0 
        end,
        u1_0.email,
        u1_0.first_name,
        u1_0.last_name,
        u1_0.password,
        u1_0.role,
        u1_1.admission_number,
        u1_1.class_section_id,
        u1_1.parent_contact_number,
        u1_1.roll_number,
        u1_2.department,
        u1_2.qualification 
    from
        users u1_0 
    left join
        students u1_1 
            on u1_0.id=u1_1.id 
    left join
        teachers u1_2 
            on u1_0.id=u1_2.id 
    where
        u1_0.email=?
2026-07-22T19:34:05.913+03:00 DEBUG 5320 --- [schoolbackend] [nio-8080-exec-1] o.s.w.s.m.m.a.HttpEntityMethodProcessor  : Writing [[AttendanceTrendPoint(date=2026-07-17, attendancePercentage=50.0)]]
2026-07-22T19:34:05.915+03:00 DEBUG 5320 --- [schoolbackend] [nio-8080-exec-8] org.hibernate.SQL                        : 
    select
        u1_0.id,
        case 
            when u1_1.id is not null 
                then 1 
            when u1_2.id is not null 
                then 2 
            when u1_0.id is not null 
                then 0 
        end,
        u1_0.email,
        u1_0.first_name,
        u1_0.last_name,
        u1_0.password,
        u1_0.role,
        u1_1.admission_number,
        u1_1.class_section_id,
        u1_1.parent_contact_number,
        u1_1.roll_number,
        u1_2.department,
        u1_2.qualification 
    from
        users u1_0 
    left join
        students u1_1 
            on u1_0.id=u1_1.id 
    left join
        teachers u1_2 
            on u1_0.id=u1_2.id 
    where
        u1_0.email=?
2026-07-22T19:34:05.925+03:00 DEBUG 5320 --- [schoolbackend] [nio-8080-exec-6] o.s.web.servlet.DispatcherServlet        : GET "/api/terms", parameters={}
2026-07-22T19:34:05.925+03:00 DEBUG 5320 --- [schoolbackend] [nio-8080-exec-1] o.s.web.servlet.DispatcherServlet        : Completed 200 OK
2026-07-22T19:34:05.925+03:00 DEBUG 5320 --- [schoolbackend] [nio-8080-exec-8] o.s.web.servlet.DispatcherServlet        : GET "/api/notifications", parameters={}
2026-07-22T19:34:05.925+03:00 DEBUG 5320 --- [schoolbackend] [nio-8080-exec-6] s.w.s.m.m.a.RequestMappingHandlerMapping : Mapped to com.stanford.schoolbackend.sms.exams.TermController#listAll()
2026-07-22T19:34:05.926+03:00 DEBUG 5320 --- [schoolbackend] [nio-8080-exec-8] s.w.s.m.m.a.RequestMappingHandlerMapping : Mapped to com.stanford.schoolbackend.core.notification.NotificationController#listForCurrentUser()
2026-07-22T19:34:05.928+03:00 DEBUG 5320 --- [schoolbackend] [nio-8080-exec-8] org.hibernate.SQL                        : 
    select
        u1_0.id,
        case 
            when u1_1.id is not null 
                then 1 
            when u1_2.id is not null 
                then 2 
            when u1_0.id is not null 
                then 0 
        end,
        u1_0.email,
        u1_0.first_name,
        u1_0.last_name,
        u1_0.password,
        u1_0.role,
        u1_1.admission_number,
        u1_1.class_section_id,
        u1_1.parent_contact_number,
        u1_1.roll_number,
        u1_2.department,
        u1_2.qualification 
    from
        users u1_0 
    left join
        students u1_1 
            on u1_0.id=u1_1.id 
    left join
        teachers u1_2 
            on u1_0.id=u1_2.id 
    where
        u1_0.email=?
2026-07-22T19:34:05.929+03:00 DEBUG 5320 --- [schoolbackend] [nio-8080-exec-6] org.hibernate.SQL                        : 
    select
        t1_0.id,
        t1_0.end_date,
        t1_0.ending_soon_notified,
        t1_0.is_current,
        t1_0.name,
        t1_0.start_date 
    from
        terms t1_0
2026-07-22T19:34:05.933+03:00 DEBUG 5320 --- [schoolbackend] [nio-8080-exec-5] org.hibernate.SQL                        : 
    select
        u1_0.id,
        case 
            when u1_1.id is not null 
                then 1 
            when u1_2.id is not null 
                then 2 
            when u1_0.id is not null 
                then 0 
        end,
        u1_0.email,
        u1_0.first_name,
        u1_0.last_name,
        u1_0.password,
        u1_0.role,
        u1_1.admission_number,
        u1_1.class_section_id,
        u1_1.parent_contact_number,
        u1_1.roll_number,
        u1_2.department,
        u1_2.qualification 
    from
        users u1_0 
    left join
        students u1_1 
            on u1_0.id=u1_1.id 
    left join
        teachers u1_2 
            on u1_0.id=u1_2.id 
    where
        u1_0.email=?
2026-07-22T19:34:05.934+03:00 DEBUG 5320 --- [schoolbackend] [nio-8080-exec-6] o.s.w.s.m.m.a.HttpEntityMethodProcessor  : Using 'application/json', given [application/json, text/plain, */*] and supported [application/json, application/*+json]
2026-07-22T19:34:05.936+03:00 DEBUG 5320 --- [schoolbackend] [nio-8080-exec-8] org.hibernate.SQL                        : 
    select
        n1_0.id,
        n1_0.created_at,
        n1_0.link,
        n1_0.message,
        n1_0.read,
        n1_0.recipient_id,
        n1_0.type 
    from
        notifications n1_0 
    where
        n1_0.recipient_id=? 
    order by
        n1_0.created_at desc
2026-07-22T19:34:05.937+03:00 DEBUG 5320 --- [schoolbackend] [nio-8080-exec-6] o.s.w.s.m.m.a.HttpEntityMethodProcessor  : Writing [[TermResponse(id=1, name=TERM 2 2026, startDate=2026-04-20, endDate=2026-08-26, isCurrent=false)]]
2026-07-22T19:34:05.942+03:00 DEBUG 5320 --- [schoolbackend] [nio-8080-exec-6] o.s.web.servlet.DispatcherServlet        : Completed 200 OK
2026-07-22T19:34:05.943+03:00 DEBUG 5320 --- [schoolbackend] [nio-8080-exec-8] o.s.w.s.m.m.a.HttpEntityMethodProcessor  : Using 'application/json', given [application/json, text/plain, */*] and supported [application/json, application/*+json]
2026-07-22T19:34:05.943+03:00 DEBUG 5320 --- [schoolbackend] [nio-8080-exec-8] o.s.w.s.m.m.a.HttpEntityMethodProcessor  : Writing [[NotificationResponse(id=1, type=STUDENT_REGISTERED, message=sharon kilel has been registered as a n (truncated)...]
2026-07-22T19:34:05.946+03:00 DEBUG 5320 --- [schoolbackend] [nio-8080-exec-8] o.s.web.servlet.DispatcherServlet        : Completed 200 OK
2026-07-22T19:34:05.947+03:00 DEBUG 5320 --- [schoolbackend] [nio-8080-exec-5] o.s.web.servlet.DispatcherServlet        : GET "/api/dashboard/attendance-trend?range=WEEK", parameters={masked}
2026-07-22T19:34:05.948+03:00 DEBUG 5320 --- [schoolbackend] [nio-8080-exec-5] s.w.s.m.m.a.RequestMappingHandlerMapping : Mapped to com.stanford.schoolbackend.core.dashboard.DashboardController#getAttendanceTrend(String, Long)
2026-07-22T19:34:05.953+03:00 DEBUG 5320 --- [schoolbackend] [nio-8080-exec-5] org.hibernate.SQL                        : 
    select
        dms1_0.id,
        dms1_0.active_classes,
        dms1_0.attendance_percentage,
        dms1_0.snapshot_date,
        dms1_0.total_students,
        dms1_0.total_teachers 
    from
        daily_metrics_snapshots dms1_0 
    where
        dms1_0.snapshot_date between ? and ? 
    order by
        dms1_0.snapshot_date
2026-07-22T19:34:05.961+03:00 DEBUG 5320 --- [schoolbackend] [nio-8080-exec-5] o.s.w.s.m.m.a.HttpEntityMethodProcessor  : Using 'application/json', given [application/json, text/plain, */*] and supported [application/json, application/*+json]
2026-07-22T19:34:05.961+03:00 DEBUG 5320 --- [schoolbackend] [nio-8080-exec-5] o.s.w.s.m.m.a.HttpEntityMethodProcessor  : Writing [[AttendanceTrendPoint(date=2026-07-17, attendancePercentage=50.0)]]
2026-07-22T19:34:05.965+03:00 DEBUG 5320 --- [schoolbackend] [nio-8080-exec-5] o.s.web.servlet.DispatcherServlet        : Completed 200 OK
2026-07-22T19:34:05.974+03:00 DEBUG 5320 --- [schoolbackend] [io-8080-exec-10] org.hibernate.SQL                        : 
    select
        count(*) 
    from
        students s1_0
2026-07-22T19:34:05.989+03:00 DEBUG 5320 --- [schoolbackend] [io-8080-exec-10] org.hibernate.SQL                        : 
    select
        count(*) 
    from
        teachers t1_0
2026-07-22T19:34:05.998+03:00 DEBUG 5320 --- [schoolbackend] [io-8080-exec-10] org.hibernate.SQL                        : 
    select
        count(*) 
    from
        class_sections cs1_0
2026-07-22T19:34:06.009+03:00 DEBUG 5320 --- [schoolbackend] [io-8080-exec-10] org.hibernate.SQL                        : 
    select
        cs1_0.id,
        cs1_0.class_section_id,
        cs1_0.note,
        cs1_0.session_date 
    from
        class_sessions cs1_0 
    where
        cs1_0.session_date=?
2026-07-22T19:34:06.054+03:00 DEBUG 5320 --- [schoolbackend] [io-8080-exec-10] org.hibernate.SQL                        : 
    insert 
    into
        daily_metrics_snapshots
        (active_classes, attendance_percentage, snapshot_date, total_students, total_teachers) 
    values
        (?, ?, ?, ?, ?)
2026-07-22T19:34:06.107+03:00 DEBUG 5320 --- [schoolbackend] [io-8080-exec-10] org.hibernate.SQL                        : 
    select
        dms1_0.id,
        dms1_0.active_classes,
        dms1_0.attendance_percentage,
        dms1_0.snapshot_date,
        dms1_0.total_students,
        dms1_0.total_teachers 
    from
        daily_metrics_snapshots dms1_0 
    where
        dms1_0.snapshot_date<? 
    order by
        dms1_0.snapshot_date desc 
    fetch
        first ? rows only
2026-07-22T19:34:06.112+03:00 DEBUG 5320 --- [schoolbackend] [io-8080-exec-10] o.s.w.s.m.m.a.HttpEntityMethodProcessor  : Using 'application/json', given [application/json, text/plain, */*] and supported [application/json, application/*+json]
2026-07-22T19:34:06.118+03:00 DEBUG 5320 --- [schoolbackend] [io-8080-exec-10] o.s.w.s.m.m.a.HttpEntityMethodProcessor  : Writing [DashboardSummaryResponse(asOfDate=2026-07-22, totalStudents=7, totalStudentsChangePercent=0.0, total (truncated)...]
2026-07-22T19:34:06.120+03:00 DEBUG 5320 --- [schoolbackend] [io-8080-exec-10] o.s.web.servlet.DispatcherServlet        : Completed 200 OK
2026-07-22T19:34:06.123+03:00 DEBUG 5320 --- [schoolbackend] [nio-8080-exec-2] org.hibernate.SQL                        : 
    select
        u1_0.id,
        case 
            when u1_1.id is not null 
                then 1 
            when u1_2.id is not null 
                then 2 
            when u1_0.id is not null 
                then 0 
        end,
        u1_0.email,
        u1_0.first_name,
        u1_0.last_name,
        u1_0.password,
        u1_0.role,
        u1_1.admission_number,
        u1_1.class_section_id,
        u1_1.parent_contact_number,
        u1_1.roll_number,
        u1_2.department,
        u1_2.qualification 
    from
        users u1_0 
    left join
        students u1_1 
            on u1_0.id=u1_1.id 
    left join
        teachers u1_2 
            on u1_0.id=u1_2.id 
    where
        u1_0.email=?
2026-07-22T19:34:06.130+03:00 DEBUG 5320 --- [schoolbackend] [nio-8080-exec-2] o.s.web.servlet.DispatcherServlet        : GET "/api/dashboard/summary", parameters={}
2026-07-22T19:34:06.130+03:00 DEBUG 5320 --- [schoolbackend] [nio-8080-exec-2] s.w.s.m.m.a.RequestMappingHandlerMapping : Mapped to com.stanford.schoolbackend.core.dashboard.DashboardController#getSummary()
2026-07-22T19:34:06.132+03:00 DEBUG 5320 --- [schoolbackend] [nio-8080-exec-2] org.hibernate.SQL                        : 
    select
        dms1_0.id,
        dms1_0.active_classes,
        dms1_0.attendance_percentage,
        dms1_0.snapshot_date,
        dms1_0.total_students,
        dms1_0.total_teachers 
    from
        daily_metrics_snapshots dms1_0 
    where
        dms1_0.snapshot_date=?
2026-07-22T19:34:06.134+03:00 DEBUG 5320 --- [schoolbackend] [nio-8080-exec-2] org.hibernate.SQL                        : 
    select
        count(*) 
    from
        students s1_0
2026-07-22T19:34:06.136+03:00 DEBUG 5320 --- [schoolbackend] [nio-8080-exec-2] org.hibernate.SQL                        : 
    select
        count(*) 
    from
        teachers t1_0
2026-07-22T19:34:06.138+03:00 DEBUG 5320 --- [schoolbackend] [nio-8080-exec-2] org.hibernate.SQL                        : 
    select
        count(*) 
    from
        class_sections cs1_0
2026-07-22T19:34:06.139+03:00 DEBUG 5320 --- [schoolbackend] [nio-8080-exec-2] org.hibernate.SQL                        : 
    select
        cs1_0.id,
        cs1_0.class_section_id,
        cs1_0.note,
        cs1_0.session_date 
    from
        class_sessions cs1_0 
    where
        cs1_0.session_date=?
2026-07-22T19:34:06.144+03:00 DEBUG 5320 --- [schoolbackend] [nio-8080-exec-2] org.hibernate.SQL                        : 
    select
        dms1_0.id,
        dms1_0.active_classes,
        dms1_0.attendance_percentage,
        dms1_0.snapshot_date,
        dms1_0.total_students,
        dms1_0.total_teachers 
    from
        daily_metrics_snapshots dms1_0 
    where
        dms1_0.snapshot_date<? 
    order by
        dms1_0.snapshot_date desc 
    fetch
        first ? rows only
2026-07-22T19:34:06.145+03:00 DEBUG 5320 --- [schoolbackend] [nio-8080-exec-2] o.s.w.s.m.m.a.HttpEntityMethodProcessor  : Using 'application/json', given [application/json, text/plain, */*] and supported [application/json, application/*+json]
2026-07-22T19:34:06.146+03:00 DEBUG 5320 --- [schoolbackend] [nio-8080-exec-2] o.s.w.s.m.m.a.HttpEntityMethodProcessor  : Writing [DashboardSummaryResponse(asOfDate=2026-07-22, totalStudents=7, totalStudentsChangePercent=0.0, total (truncated)...]
2026-07-22T19:34:06.147+03:00 DEBUG 5320 --- [schoolbackend] [nio-8080-exec-2] o.s.web.servlet.DispatcherServlet        : Completed 200 OK
2026-07-22T19:34:10.770+03:00 DEBUG 5320 --- [schoolbackend] [nio-8080-exec-7] org.hibernate.SQL                        : 
    select
        u1_0.id,
        case 
            when u1_1.id is not null 
                then 1 
            when u1_2.id is not null 
                then 2 
            when u1_0.id is not null 
                then 0 
        end,
        u1_0.email,
        u1_0.first_name,
        u1_0.last_name,
        u1_0.password,
        u1_0.role,
        u1_1.admission_number,
        u1_1.class_section_id,
        u1_1.parent_contact_number,
        u1_1.roll_number,
        u1_2.department,
        u1_2.qualification 
    from
        users u1_0 
    left join
        students u1_1 
            on u1_0.id=u1_1.id 
    left join
        teachers u1_2 
            on u1_0.id=u1_2.id 
    where
        u1_0.email=?
2026-07-22T19:34:10.777+03:00 DEBUG 5320 --- [schoolbackend] [nio-8080-exec-7] o.s.web.servlet.DispatcherServlet        : GET "/api/announcements/school-wide", parameters={}
2026-07-22T19:34:10.777+03:00 DEBUG 5320 --- [schoolbackend] [nio-8080-exec-7] s.w.s.m.m.a.RequestMappingHandlerMapping : Mapped to com.stanford.schoolbackend.lms.announcement.AnnouncementController#listSchoolWide()
2026-07-22T19:34:10.786+03:00 DEBUG 5320 --- [schoolbackend] [nio-8080-exec-7] org.hibernate.SQL                        : 
    select
        a1_0.id,
        a1_0.audience,
        a1_0.content,
        a1_0.course_id,
        a1_0.posted_at,
        a1_0.teacher_id,
        a1_0.title 
    from
        announcements a1_0 
    where
        a1_0.course_id is null
2026-07-22T19:34:10.793+03:00 DEBUG 5320 --- [schoolbackend] [nio-8080-exec-7] o.s.w.s.m.m.a.HttpEntityMethodProcessor  : Using 'application/json', given [application/json, text/plain, */*] and supported [application/json, application/*+json]
2026-07-22T19:34:10.795+03:00 DEBUG 5320 --- [schoolbackend] [nio-8080-exec-7] o.s.w.s.m.m.a.HttpEntityMethodProcessor  : Writing [[AnnouncementResponse(id=3, title=Meeting, content=Teachers meeting tomorrow, courseId=null, courseT (truncated)...]
2026-07-22T19:34:10.797+03:00 DEBUG 5320 --- [schoolbackend] [nio-8080-exec-7] o.s.web.servlet.DispatcherServlet        : Completed 200 OK
2026-07-22T19:34:10.803+03:00 DEBUG 5320 --- [schoolbackend] [nio-8080-exec-9] org.hibernate.SQL                        : 
    select
        u1_0.id,
        case 
            when u1_1.id is not null 
                then 1 
            when u1_2.id is not null 
                then 2 
            when u1_0.id is not null 
                then 0 
        end,
        u1_0.email,
        u1_0.first_name,
        u1_0.last_name,
        u1_0.password,
        u1_0.role,
        u1_1.admission_number,
        u1_1.class_section_id,
        u1_1.parent_contact_number,
        u1_1.roll_number,
        u1_2.department,
        u1_2.qualification 
    from
        users u1_0 
    left join
        students u1_1 
            on u1_0.id=u1_1.id 
    left join
        teachers u1_2 
            on u1_0.id=u1_2.id 
    where
        u1_0.email=?
2026-07-22T19:34:10.811+03:00 DEBUG 5320 --- [schoolbackend] [nio-8080-exec-9] o.s.web.servlet.DispatcherServlet        : GET "/api/announcements/school-wide", parameters={}
2026-07-22T19:34:10.811+03:00 DEBUG 5320 --- [schoolbackend] [nio-8080-exec-9] s.w.s.m.m.a.RequestMappingHandlerMapping : Mapped to com.stanford.schoolbackend.lms.announcement.AnnouncementController#listSchoolWide()
2026-07-22T19:34:10.812+03:00 DEBUG 5320 --- [schoolbackend] [nio-8080-exec-9] org.hibernate.SQL                        : 
    select
        a1_0.id,
        a1_0.audience,
        a1_0.content,
        a1_0.course_id,
        a1_0.posted_at,
        a1_0.teacher_id,
        a1_0.title 
    from
        announcements a1_0 
    where
        a1_0.course_id is null
2026-07-22T19:34:10.814+03:00 DEBUG 5320 --- [schoolbackend] [nio-8080-exec-9] o.s.w.s.m.m.a.HttpEntityMethodProcessor  : Using 'application/json', given [application/json, text/plain, */*] and supported [application/json, application/*+json]
2026-07-22T19:34:10.814+03:00 DEBUG 5320 --- [schoolbackend] [nio-8080-exec-9] o.s.w.s.m.m.a.HttpEntityMethodProcessor  : Writing [[AnnouncementResponse(id=3, title=Meeting, content=Teachers meeting tomorrow, courseId=null, courseT (truncated)...]
2026-07-22T19:34:10.816+03:00 DEBUG 5320 --- [schoolbackend] [nio-8080-exec-9] o.s.web.servlet.DispatcherServlet        : Completed 200 OK
2026-07-22T19:34:17.700+03:00 DEBUG 5320 --- [schoolbackend] [nio-8080-exec-6] org.hibernate.SQL                        : 
    select
        u1_0.id,
        case 
            when u1_1.id is not null 
                then 1 
            when u1_2.id is not null 
                then 2 
            when u1_0.id is not null 
                then 0 
        end,
        u1_0.email,
        u1_0.first_name,
        u1_0.last_name,
        u1_0.password,
        u1_0.role,
        u1_1.admission_number,
        u1_1.class_section_id,
        u1_1.parent_contact_number,
        u1_1.roll_number,
        u1_2.department,
        u1_2.qualification 
    from
        users u1_0 
    left join
        students u1_1 
            on u1_0.id=u1_1.id 
    left join
        teachers u1_2 
            on u1_0.id=u1_2.id 
    where
        u1_0.email=?
2026-07-22T19:34:17.703+03:00 DEBUG 5320 --- [schoolbackend] [nio-8080-exec-6] o.s.web.servlet.DispatcherServlet        : GET "/api/notifications", parameters={}
2026-07-22T19:34:17.704+03:00 DEBUG 5320 --- [schoolbackend] [nio-8080-exec-6] s.w.s.m.m.a.RequestMappingHandlerMapping : Mapped to com.stanford.schoolbackend.core.notification.NotificationController#listForCurrentUser()
2026-07-22T19:34:17.705+03:00 DEBUG 5320 --- [schoolbackend] [nio-8080-exec-6] org.hibernate.SQL                        : 
    select
        u1_0.id,
        case 
            when u1_1.id is not null 
                then 1 
            when u1_2.id is not null 
                then 2 
            when u1_0.id is not null 
                then 0 
        end,
        u1_0.email,
        u1_0.first_name,
        u1_0.last_name,
        u1_0.password,
        u1_0.role,
        u1_1.admission_number,
        u1_1.class_section_id,
        u1_1.parent_contact_number,
        u1_1.roll_number,
        u1_2.department,
        u1_2.qualification 
    from
        users u1_0 
    left join
        students u1_1 
            on u1_0.id=u1_1.id 
    left join
        teachers u1_2 
            on u1_0.id=u1_2.id 
    where
        u1_0.email=?
2026-07-22T19:34:17.708+03:00 DEBUG 5320 --- [schoolbackend] [nio-8080-exec-6] org.hibernate.SQL                        : 
    select
        n1_0.id,
        n1_0.created_at,
        n1_0.link,
        n1_0.message,
        n1_0.read,
        n1_0.recipient_id,
        n1_0.type 
    from
        notifications n1_0 
    where
        n1_0.recipient_id=? 
    order by
        n1_0.created_at desc
2026-07-22T19:34:17.710+03:00 DEBUG 5320 --- [schoolbackend] [nio-8080-exec-6] o.s.w.s.m.m.a.HttpEntityMethodProcessor  : Using 'application/json', given [application/json, text/plain, */*] and supported [application/json, application/*+json]
2026-07-22T19:34:17.711+03:00 DEBUG 5320 --- [schoolbackend] [nio-8080-exec-6] o.s.w.s.m.m.a.HttpEntityMethodProcessor  : Writing [[NotificationResponse(id=1, type=STUDENT_REGISTERED, message=sharon kilel has been registered as a n (truncated)...]
2026-07-22T19:34:17.712+03:00 DEBUG 5320 --- [schoolbackend] [nio-8080-exec-6] o.s.web.servlet.DispatcherServlet        : Completed 200 OK
2026-07-22T19:36:43.329+03:00 DEBUG 5320 --- [schoolbackend] [ionShutdownHook] o.s.b.a.ApplicationAvailabilityBean      : Application availability state ReadinessState changed from ACCEPTING_TRAFFIC to REFUSING_TRAFFIC
2026-07-22T19:36:43.346+03:00 DEBUG 5320 --- [schoolbackend] [ionShutdownHook] ConfigServletWebServerApplicationContext : Closing org.springframework.boot.web.server.servlet.context.AnnotationConfigServletWebServerApplicationContext@1d37c983, started on Wed Jul 22 19:15:30 EAT 2026
2026-07-22T19:36:43.400+03:00  INFO 5320 --- [schoolbackend] [ionShutdownHook] o.s.boot.tomcat.GracefulShutdown         : Commencing graceful shutdown. Waiting for active requests to complete
2026-07-22T19:36:43.417+03:00  INFO 5320 --- [schoolbackend] [tomcat-shutdown] o.s.boot.tomcat.GracefulShutdown         : Graceful shutdown complete
2026-07-22T19:36:43.455+03:00  INFO 5320 --- [schoolbackend] [ionShutdownHook] j.LocalContainerEntityManagerFactoryBean : Closing JPA EntityManagerFactory for persistence unit 'default'
2026-07-22T19:36:43.487+03:00  INFO 5320 --- [schoolbackend] [ionShutdownHook] com.zaxxer.hikari.HikariDataSource       : HikariPool-1 - Shutdown initiated...
2026-07-22T19:36:43.526+03:00  INFO 5320 --- [schoolbackend] [ionShutdownHook] com.zaxxer.hikari.HikariDataSource       : HikariPool-1 - Shutdown completed.
[[1;34mINFO[m] [1m------------------------------------------------------------------------[m
[[1;34mINFO[m] [1;31mBUILD FAILURE[m
[[1;34mINFO[m] [1m------------------------------------------------------------------------[m
[[1;34mINFO[m] Total time:  21:17 min
[[1;34mINFO[m] Finished at: 2026-07-22T19:36:44+03:00
[[1;34mINFO[m] [1m------------------------------------------------------------------------[m
[[1;31mERROR[m] Failed to execute goal [32morg.springframework.boot:spring-boot-maven-plugin:4.1.0:run[m [1m(default-cli)[m on project [36mschoolbackend[m: [1;31mProcess terminated with exit code: 143[m -> [1m[Help 1][m
[[1;31mERROR[m] 
[[1;31mERROR[m] To see the full stack trace of the errors, re-run Maven with the [1m-e[m switch.
[[1;31mERROR[m] Re-run Maven using the [1m-X[m switch to enable full debug logging.
[[1;31mERROR[m] 
[[1;31mERROR[m] For more information about the errors and possible solutions, please read the following articles:
[[1;31mERROR[m] [1m[Help 1][m http://cwiki.apache.org/confluence/display/MAVEN/MojoExecutionException
